,A,R,N,D,Q,E,G,H,I,L,K,F,P,S,T,W,Y,V
G26,0.009381,-0.023906,0.006149,-0.035010,0.003418,-0.038822,0.000000,0.002997,0.038703,0.029524,-0.003391,0.059882,0.038885,-0.000318,-0.013281,0.053872,0.039762,0.042032
R27,-0.004118,0.000000,0.032309,0.046765,-0.022523,-0.073513,-0.034000,0.053751,-0.004938,0.043146,0.001553,0.046227,-0.028825,-0.023012,-0.008464,-0.003652,0.031057,0.005851
T28,0.039976,0.019929,0.023003,-0.020724,-0.012710,-0.006890,0.020782,0.021778,-0.010219,0.017540,0.041409,-0.036054,0.050390,0.027069,0.000000,-0.063437,-0.040129,-0.046864
S29,0.009807,0.063155,0.061386,0.020963,0.074241,0.039796,0.054493,0.040811,0.018384,-0.003262,0.056241,-0.009146,0.067957,0.000000,0.029477,-0.011730,0.033424,0.030770
S30,0.027232,0.060926,0.052538,-0.001343,0.042932,0.035146,0.059382,0.050978,0.072526,0.052170,0.061634,0.039935,0.047655,0.000000,0.059091,0.040937,0.059464,0.064372
V31,0.020272,0.004901,0.029473,-0.169278,-0.041124,-0.071641,0.048801,0.029639,0.047953,0.053456,0.074798,0.043813,-0.017201,0.015448,0.033017,0.031539,0.022500,0.000000
Y32,-0.032252,-0.158740,-0.141735,-0.326513,-0.044470,-0.303657,-0.155512,-0.010884,0.048552,0.047936,-0.343697,-0.121669,-0.099595,-0.147587,-0.106779,0.022744,0.000000,0.052994
N33,-0.012331,0.003965,0.000000,-0.324735,-0.046913,-0.220565,0.031027,-0.122652,-0.022740,-0.013901,0.037343,-0.038356,-0.284115,0.005023,-0.011611,-0.056287,-0.170893,-0.087937
I51,-0.086743,-0.035750,-0.022256,-0.062897,-0.020013,0.030118,-0.019747,0.022098,0.000000,0.004873,0.015258,0.040370,0.028947,-0.031596,-0.026875,-0.045921,0.019642,-0.021050
T52,-0.049222,-0.016835,-0.023180,0.021775,0.002219,0.015786,0.041086,-0.025224,0.031007,0.024891,-0.020846,0.009369,0.014980,-0.039954,0.000000,0.074050,0.022075,0.037903
G53,-0.023687,-0.047106,-0.040501,-0.358832,-0.070978,-0.227848,0.000000,-0.093720,-0.069305,-0.026647,-0.027497,-0.071770,-0.024238,-0.064970,-0.057277,-0.102409,-0.037461,-0.088415
N54,-0.007868,0.043092,0.000000,-0.016595,-0.038079,0.014047,0.067331,-0.005572,-0.003650,0.029772,-0.003825,-0.057802,-0.023659,-0.024867,-0.017141,0.015758,-0.006094,0.031998
G55,0.000937,-0.054190,-0.069493,-0.057908,-0.037066,-0.040063,0.000000,-0.056123,-0.068059,-0.073200,-0.091986,-0.021485,-0.039901,-0.126568,-0.047207,0.012050,-0.024715,-0.076051
G56,-0.002214,-0.040644,-0.022085,0.026718,-0.032861,-0.050959,0.000000,-0.048154,-0.011716,-0.013673,-0.035595,0.002459,-0.012778,-0.014075,0.017549,-0.036982,-0.003112,-0.008399
T57,-0.021851,-0.035905,-0.053272,-0.001128,-0.035074,0.027899,-0.058830,-0.058170,-0.013735,-0.014517,-0.049229,-0.062557,-0.004481,-0.030279,0.000000,-0.022948,0.010959,0.010200
T58,-0.006640,-0.000462,-0.010405,-0.027835,0.009413,0.002683,-0.026434,0.000929,0.025741,0.056748,0.002545,-0.021127,-0.003486,0.000411,0.000000,0.001516,0.039473,-0.035602
A97,0.000000,-0.420738,-0.229513,-0.283555,-0.399681,-0.386308,0.029935,-0.477872,-0.106570,-0.113270,-0.652164,-0.600923,0.080595,0.019326,0.011841,-0.682659,-0.484503,-0.033780
A98,0.000000,0.051201,0.030302,0.025536,0.039812,-0.007491,0.012581,0.014038,-0.015040,0.031673,0.038477,0.033100,-0.057832,0.024854,0.046884,-0.072937,-0.050153,0.022531
G99,-0.004805,-0.081143,-0.031451,-0.474007,-0.255561,-0.652611,0.000000,-0.043422,-0.664595,-0.733495,-0.092937,-0.125042,-0.478927,0.021601,0.025114,-0.548624,-0.192714,-0.197660
G100,-0.121364,-0.055952,-0.023473,-0.347100,-0.073282,-0.481547,0.000000,-0.046016,-0.182669,-0.091108,-0.141883,-0.063567,-0.538403,0.002923,-0.035340,-0.079842,-0.015652,-0.430857
W101,0.018704,-0.014504,0.032924,0.012135,0.009038,0.010652,-0.105734,-0.011753,-0.114526,-0.065568,-0.019376,-0.029442,-0.317102,0.015605,-0.012923,0.000000,0.008158,-0.060468
G102,-0.045065,-0.120742,-0.014515,-0.044011,-0.064315,-0.038428,0.000000,-0.032767,-0.051246,-0.071350,-0.065921,-0.049486,-0.136566,-0.075161,-0.150633,0.001565,-0.021720,-0.077805
K103,-0.074819,-0.013637,-0.043477,-0.043871,-0.012893,-0.034051,-0.040595,-0.031342,-0.055644,-0.027321,0.000000,-0.098942,-0.134667,-0.079196,-0.035706,-0.116635,-0.012970,-0.050369
E104,0.021223,-0.117561,-0.027720,-0.038394,-0.054966,0.000000,-0.070242,0.022106,0.002037,0.011922,-0.044850,-0.162935,0.041316,0.039749,0.041910,-0.059980,-0.048584,0.005224
R105,-0.071943,0.000000,0.030011,-0.103141,-0.006334,0.000753,0.002461,0.000462,0.036324,0.016679,-0.027798,0.010024,-0.151044,-0.067624,0.061933,0.002951,-0.007432,-0.048765
N106,0.006576,-0.025989,0.000000,0.020394,0.027888,0.051706,-0.024741,0.017773,-0.139286,-0.007459,-0.090498,-0.001644,-0.118928,0.028063,0.022522,0.018569,0.033503,-0.192135
Y107,-0.060391,-0.083031,-0.054959,-0.211260,-0.228747,-0.350758,0.006962,-0.017043,-0.624955,-0.193493,-0.030164,-0.155911,-0.006189,-0.037254,-0.096075,-0.080907,0.000000,-0.123341
A108,0.000000,-0.145727,-0.223182,-0.118828,-0.325960,-0.514248,-0.252679,-0.510669,-0.335515,-0.330145,-0.206426,-0.733495,-0.435751,-0.531574,-0.280007,-0.272240,-0.244784,-0.194822
Y109,-0.261711,0.044346,-0.102207,-0.275375,-0.006243,-0.515812,-0.073141,0.044785,-0.002856,0.003287,0.037609,-0.072412,-0.262462,-0.143390,-0.199124,-0.008699,0.000000,-0.170807
