mut_aa,n_positions_tested,n_acknowledged,acknowledged_fraction,mean_delta_ipsae_min,mean_abs_delta_ipsae_min,max_abs_delta_ipsae_min,most_sensitive_mutation,most_sensitive_position,most_sensitive_author_residue,most_sensitive_delta_ipsae,best_increase_mutation,best_increase_position,best_delta_ipsae,worst_decrease_mutation,worst_decrease_position,worst_delta_ipsae
A,26,3,0.11538461538461539,-0.01086920868509856,0.08720733567308152,0.2880472550789514,T57A,57,B:57:THR,0.2880472550789514,T57A,57,0.2880472550789514,Y32A,32,-0.2493983894586563
W,28,8,0.2857142857142857,0.0022854999417350336,0.12614442060391104,0.2843338360389074,V31W,31,B:31:VAL,0.2843338360389074,V31W,31,0.2843338360389074,Y107W,107,-0.2493983894586563
P,29,9,0.3103448275862069,-0.07813535651256295,0.13365160586505095,0.2774972726901372,T57P,57,B:57:THR,0.2774972726901372,T57P,57,0.2774972726901372,G26P,26,-0.2493983894586563
G,22,5,0.22727272727272727,-0.022238882789106084,0.10261057303710412,0.2698380758364995,E104G,104,B:104:GLU,0.2698380758364995,E104G,104,0.2698380758364995,Y32G,32,-0.2493983894586563
D,29,8,0.27586206896551724,-0.020879705267390986,0.11285905468052827,0.2493983894586563,W101D,101,B:101:TRP,-0.2493983894586563,I51D,51,0.1919749687115351,W101D,101,-0.2493983894586563
E,28,5,0.17857142857142858,-0.0332220754453114,0.10547833584603805,0.2493983894586563,S29E,29,B:29:SER,-0.2493983894586563,T57E,57,0.1912042111158371,S29E,29,-0.2493983894586563
I,28,6,0.21428571428571427,-0.042899423837661724,0.10669518013795211,0.2493983894586563,E104I,104,B:104:GLU,-0.2493983894586563,Y109I,109,0.2329121241966883,E104I,104,-0.2493983894586563
K,28,9,0.32142857142857145,-0.0795358886676175,0.1229846669449692,0.2493983894586563,Y32K,32,B:32:TYR,-0.2493983894586563,G102K,102,0.198634531100591,Y32K,32,-0.2493983894586563
F,29,10,0.3448275862068966,-0.04748806001126078,0.1295248605054,0.2493983894586563,G56F,56,B:56:GLY,-0.2493983894586563,G99F,99,0.2300866256157557,G56F,56,-0.2493983894586563
H,29,10,0.3448275862068966,-0.06612333470377428,0.12741479955870527,0.2493983894586563,T28H,28,B:28:THR,-0.2493983894586563,N106H,106,0.1804257442553838,T28H,28,-0.2493983894586563
N,26,5,0.19230769230769232,-0.06085710204564605,0.10043776723054736,0.2493983894586563,Y32N,32,B:32:TYR,-0.2493983894586563,G99N,99,0.1750460376342137,Y32N,32,-0.2493983894586563
L,29,6,0.20689655172413793,-0.021386323166989737,0.09960704308816751,0.2493983894586563,N33L,33,B:33:ASN,-0.2493983894586563,T58L,58,0.1923623989025752,N33L,33,-0.2493983894586563
S,27,5,0.18518518518518517,-0.0388890818681246,0.1101250013819447,0.2493983894586563,T28S,28,B:28:THR,-0.2493983894586563,Y109S,109,0.2243081142505009,T28S,28,-0.2493983894586563
Q,29,5,0.1724137931034483,-0.0660754199343166,0.10495520121064675,0.2493983894586563,G100Q,100,B:100:GLY,-0.2493983894586563,G53Q,53,0.1419126749038696,G100Q,100,-0.2493983894586563
Y,26,4,0.15384615384615385,-0.019530152816038863,0.09322144312736312,0.2493983894586563,E104Y,104,B:104:GLU,-0.2493983894586563,G26Y,26,0.1861068765322367,E104Y,104,-0.2493983894586563
T,25,8,0.32,-0.04956368287404377,0.13575631046295164,0.2493983894586563,Y32T,32,B:32:TYR,-0.2493983894586563,I51T,51,0.2099328845739364,Y32T,32,-0.2493983894586563
V,28,5,0.17857142857142858,-0.019216448671760998,0.09646251098740664,0.2172856738169988,A97V,97,B:97:ALA,0.2172856738169988,A97V,97,0.2172856738169988,Y32V,32,-0.2026240020990371
R,27,3,0.1111111111111111,-0.0333064348609359,0.09094536054281538,0.1892692138751348,A97R,97,B:97:ALA,-0.1892692138751348,I51R,51,0.1643257945775985,A97R,97,-0.1892692138751348
