mode,edit_count,mutations,iptm_mean,iptm_std,iptm_min,iptm_max,bt_ipsae_mean,bt_ipsae_std,bt_ipsae_min,bt_ipsae_max,tb_ipsae_mean,tb_ipsae_std,tb_ipsae_min,tb_ipsae_max,ipsae_min_mean,ipsae_min_std,ipsae_min_min,ipsae_min_max,ipae_min_mean,ipae_min_std,ipae_min_min,ipae_min_max,bt_pae_mean_mean,bt_pae_mean_std,bt_pae_mean_min,bt_pae_mean_max,tb_pae_mean_mean,tb_pae_mean_std,tb_pae_mean_min,tb_pae_mean_max,baseline_ipsae_min_mean,baseline_ipae_min_mean,delta_ipsae_min_mean,abs_delta_ipsae_min_mean,z_delta_ipsae_min_mean,delta_ipae_min_mean,acknowledged
absolute,1,T57A,0.6077837546666464,0.0778672701886975,0.5273385047912598,0.6827875971794128,0.3647073358297348,0.1218278205084421,0.233250007033348,0.4738093316555023,0.5087273021539053,0.073342838162864,0.4438506066799164,0.5883083343505859,0.3647073358297348,0.1218278205084421,0.233250007033348,0.4738093316555023,5.4419051806132,1.1985096099782473,4.321231842041016,6.7054443359375,12.243792851765951,1.764317363930226,10.500152587890623,14.028084754943848,13.723354975382486,2.02496169817214,11.65973663330078,15.707308769226074,0.2493983894586563,6.804794883728027,0.1153089463710785,0.1153089463710785,1.27263456040142,-1.3628897031148268,False
absolute,2,T57A;V31W,0.6066884994506836,0.2982981222184768,0.2627164125442505,0.7943005561828613,0.4262919028600057,0.3083203655311435,0.0705265998840332,0.6157820820808411,0.4744944175084432,0.4112141733279575,0.0,0.7271812558174133,0.4027830362319946,0.34901341723101,0.0,0.6157820820808411,5.181639830271403,4.234461116930337,2.4162845611572266,10.056489944458008,11.707938512166342,6.780618400047056,7.390669822692871,19.52322196960449,13.517082850138346,7.788202188117944,8.824721336364746,22.507238388061523,0.2493983894586563,6.804794883728027,0.1533846467733383,0.1533846467733383,1.6928660668750568,-1.6231550534566237,False
absolute,3,T57A;V31W;E104G,0.3202389180660248,0.1469942627282094,0.2096976935863495,0.4870567917823791,0.0542612771193186,0.0939832888542345,0.0,0.1627838313579559,0.1396562655766805,0.241891747574143,0.0,0.4189687967300415,0.0542612771193186,0.0939832888542345,0.0,0.1627838313579559,11.412551085154217,4.482434819760962,6.633491039276123,15.523319244384766,19.15965779622396,4.2987632427089455,14.439151763916016,22.84918975830078,21.55104319254557,4.45842053968839,16.524019241333008,25.02595329284668,0.2493983894586563,6.804794883728027,-0.1951371123393376,0.1951371123393376,-2.15367706492428,4.607756201426188,True
absolute,4,T57A;V31W;E104G;G26P,0.6555101275444031,0.1062117385131583,0.5507781505584717,0.7631422281265259,0.4247171282768249,0.1266405015520597,0.2945895791053772,0.5475557446479797,0.5477104187011719,0.1322615432893437,0.4163970351219177,0.6809001564979553,0.4247171282768249,0.1266405015520597,0.2945895791053772,0.5475557446479797,4.601589282353719,1.949959274638328,2.7286784648895264,6.620400905609131,10.810091336568195,2.493453108169513,8.359781265258789,13.34455680847168,12.61167049407959,2.325622906007475,10.20537281036377,14.84720516204834,0.2493983894586563,6.804794883728027,0.1753187388181686,0.1753187388181686,1.9349468807734505,-2.203205601374308,False
absolute,5,T57A;V31W;E104G;G26P;T28H,0.5640426476796468,0.2860264093528068,0.2339133024215698,0.7375966310501099,0.3722167139252026,0.2745916550196336,0.0585951581597328,0.5694220066070557,0.434823215007782,0.3767739462542033,0.0,0.6646921634674072,0.352684994538625,0.3080937290101644,0.0,0.5694220066070557,6.028473774592082,4.467559956562632,3.341789484024048,11.185657501220703,12.725703239440918,6.463596933327554,8.672386169433594,20.17970466613769,14.643038113911947,7.290501908523915,9.721184730529783,23.01860237121582,0.2493983894586563,6.804794883728027,0.1032866050799687,0.1032866050799687,1.1399471366973664,-0.776321109135945,False
absolute,6,T57A;V31W;E104G;G26P;T28H;S29E,0.4506654143333435,0.1268530043912746,0.3098516762256622,0.5560051202774048,0.1897781168421109,0.1270724551547951,0.088659219443798,0.3324170708656311,0.2715977927049001,0.2374315805855807,0.0,0.4397962987422943,0.1602250436941782,0.1665313296976894,0.0,0.3324170708656311,7.693094094594319,2.105136534004576,5.9752702713012695,10.041439056396484,15.40200678507487,3.168735345160131,12.821703910827637,18.93880271911621,16.856956481933594,3.2622951734157075,14.153695106506348,20.480558395385746,0.2493983894586563,6.804794883728027,-0.089173345764478,0.089173345764478,-0.9841827998435724,0.8882992108662924,False
absolute,7,T57A;V31W;E104G;G26P;T28H;S29E;Y32A,0.3662360807259877,0.0520057165760187,0.3303515911102295,0.4258775115013122,0.1302271857857704,0.0205511423112306,0.118190512061119,0.1539567708969116,0.0724604328473409,0.1255051512300272,0.0,0.2173812985420227,0.0513189236323038,0.0888869831208974,0.0,0.1539567708969116,8.976399898529053,1.044670263204046,7.7767815589904785,9.685857772827148,17.505324363708496,1.6293198795173522,15.623980522155762,18.455602645874023,19.3689448038737,1.516505533007155,17.621824264526367,20.344810485839844,0.2493983894586563,6.804794883728027,-0.1980794658263524,0.1980794658263524,-2.186151047683972,2.1716050148010257,True
increase,1,T57A,0.4996498723824819,0.1756668536470604,0.3139645159244537,0.6632000803947449,0.2595660438140233,0.1756419974300929,0.1135187894105911,0.4544615745544433,0.3447641134262085,0.304842885149541,0.0,0.5786479115486145,0.2217264473438263,0.2274307014475686,0.0,0.4544615745544433,6.979999860127767,2.808513261260581,4.333481311798096,9.926435470581056,14.552066485087076,4.120968749547874,10.656457901000977,18.86642074584961,16.256486256917317,4.445281833225236,12.170358657836914,20.989940643310547,0.2493983894586563,6.804794883728027,-0.02767194211483,0.02767194211483,-0.3054079583333448,0.1752049763997396,False
increase,2,T57A;V31W,0.6096257269382477,0.1996195023232395,0.4221228659152984,0.8194803595542908,0.3839645435412724,0.2416237990562377,0.1556766778230667,0.6370168924331665,0.5167220830917358,0.2302265452249566,0.2994329333305359,0.7580065131187439,0.3839645435412724,0.2416237990562377,0.1556766778230667,0.6370168924331665,4.887018918991089,2.4921242175589806,2.3315913677215576,7.310606002807617,11.617948055267334,4.440127502469585,7.003500461578369,15.860342979431152,13.695638020833334,5.232192917975103,8.17739486694336,18.58492088317871,0.2493983894586563,6.804794883728027,0.1345661540826161,0.1345661540826161,1.485171304876248,-1.917775964736938,False
increase,3,T57A;V31W;E104G,0.7262747883796692,0.0612892196837905,0.6692164540290833,0.7910617589950562,0.5319201747576395,0.0696271683956264,0.4662677645683288,0.6049367189407349,0.6475013097127279,0.0716581054083781,0.5802944898605347,0.7229056358337402,0.5319201747576395,0.0696271683956264,0.4662677645683288,0.6049367189407349,3.3791332244873047,1.0922934794677053,2.175374984741211,4.307094573974609,9.017123540242514,1.3936173933895657,7.535614013671875,10.301952362060549,10.443731307983398,1.4988946460536727,8.949431419372559,11.947178840637209,0.2493983894586563,6.804794883728027,0.2825217852989832,0.2825217852989832,3.118118752735187,-3.4256616592407223,True
increase,4,T57A;V31W;E104G;N106W,0.5991444985071818,0.0531057903442871,0.5422136187553406,0.6473426818847656,0.370799442132314,0.0867032607661788,0.2743178009986877,0.4421903192996979,0.5081035594145457,0.0468764617451391,0.4631417691707611,0.5566848516464233,0.370799442132314,0.0867032607661788,0.2743178009986877,0.4421903192996979,4.892772197723389,0.5648390568720626,4.53824520111084,5.5441412925720215,11.914070129394531,1.152234640845968,10.91362476348877,13.173882484436035,13.458806037902832,1.1282160322526165,12.513605117797852,14.707819938659668,0.2493983894586563,6.804794883728027,0.1214010526736577,0.1214010526736577,1.3398715378459232,-1.9120226860046383,False
increase,5,T57A;V31W;E104G;N106W;Y109I,0.3828641672929128,0.1917379886750236,0.2268234193325042,0.596906304359436,0.1776293478906154,0.1724250837394427,0.0616160221397876,0.3757648468017578,0.1623622973759969,0.2812197482888336,0.0,0.4870868921279907,0.1252549489339192,0.2169479354529933,0.0,0.3757648468017578,8.376276016235352,2.70902110199864,5.295480728149414,10.386056900024414,17.03165404001872,4.463682518334944,12.058247566223145,20.69027137756348,19.74805959065755,5.474947483908091,13.66188621520996,24.272335052490234,0.2493983894586563,6.804794883728027,-0.124143440524737,0.124143440524737,-1.370138552393754,1.5714811325073246,False
increase,6,T57A;V31W;E104G;N106W;Y109I;N54P,0.3139316240946452,0.0564520434349185,0.28005450963974,0.3790997266769409,0.069372055431207,0.0603172300488658,0.0,0.1094252690672874,0.0708896617094675,0.1227844958121678,0.0,0.2126689851284027,0.0364750896890958,0.0631767085521456,0.0,0.1094252690672874,10.101612091064451,2.326078709030255,7.777910232543945,12.430060386657717,18.859718958536785,1.856805761015348,16.871774673461914,20.54923820495605,21.459453582763672,1.9206132291880016,19.26092529296875,22.81092834472656,0.2493983894586563,6.804794883728027,-0.2129232997695604,0.2129232997695604,-2.349978544851393,3.296817207336426,True
increase,7,T57A;V31W;E104G;N106W;Y109I;N54P;G99F,0.6550478140513102,0.0399598826462442,0.6180532574653625,0.697426974773407,0.4542749126752217,0.0254398070166743,0.4302237629890442,0.4809066653251648,0.5241331656773885,0.0443696362805182,0.4821419715881347,0.5705496072769165,0.4542749126752217,0.0254398070166743,0.4302237629890442,0.4809066653251648,5.499080181121826,0.5454839072221741,4.948394775390625,6.039209365844727,12.221190134684244,0.6394619732295347,11.55294704437256,12.827341079711914,13.231853485107422,0.9707967947513876,12.116963386535645,13.890350341796877,0.2493983894586563,6.804794883728027,0.2048765232165654,0.2048765232165654,2.261168385159068,-1.3057147026062008,True
