position,author_residue,wt_aa,n_mutations_tested,n_acknowledged,mean_abs_delta_ipsae_min,max_abs_delta_ipsae_min,most_sensitive_mutation,most_sensitive_delta_ipsae,best_increase_mutation,best_delta_ipsae,worst_decrease_mutation,worst_delta_ipsae
57,B:57:THR,T,17,4,0.08994733556812881,0.2880472550789514,T57A,0.2880472550789514,T57A,0.2880472550789514,T57R,-0.1411639839410781
31,B:31:VAL,V,17,4,0.12399908245778546,0.2843338360389074,V31W,0.2843338360389074,V31W,0.2843338360389074,V31P,-0.2493983894586563
104,B:104:GLU,E,17,7,0.14770388632428408,0.2698380758364995,E104G,0.2698380758364995,E104G,0.2698380758364995,E104I,-0.2493983894586563
28,B:28:THR,T,17,3,0.08380657557178943,0.2493983894586563,T28H,-0.2493983894586563,T28I,0.2136371046304702,T28H,-0.2493983894586563
29,B:29:SER,S,17,3,0.09544416993272067,0.2493983894586563,S29E,-0.2493983894586563,S29T,0.1975423107544581,S29E,-0.2493983894586563
55,B:55:GLY,G,17,5,0.11794876763049288,0.2493983894586563,G55S,-0.2493983894586563,G55A,0.1109664027889569,G55S,-0.2493983894586563
53,B:53:GLY,G,17,4,0.10922491299171071,0.2493983894586563,G53A,-0.2493983894586563,G53Q,0.1419126749038696,G53A,-0.2493983894586563
33,B:33:ASN,N,17,2,0.09443406994436299,0.2493983894586563,N33H,-0.2493983894586563,N33S,0.098066301147143,N33H,-0.2493983894586563
101,B:101:TRP,W,17,4,0.12856274334823378,0.2493983894586563,W101D,-0.2493983894586563,W101V,0.1714409699042638,W101D,-0.2493983894586563
56,B:56:GLY,G,17,2,0.10314664343992863,0.2493983894586563,G56F,-0.2493983894586563,G56R,0.1577130963404973,G56F,-0.2493983894586563
97,B:97:ALA,A,17,6,0.13299071198584983,0.2493983894586563,A97L,-0.2493983894586563,A97V,0.2172856738169988,A97L,-0.2493983894586563
32,B:32:TYR,Y,17,9,0.15834422555624267,0.2493983894586563,Y32A,-0.2493983894586563,Y32Q,0.0630077133576075,Y32A,-0.2493983894586563
26,B:26:GLY,G,17,4,0.10621052162320002,0.2493983894586563,G26P,-0.2493983894586563,G26D,0.1879216243823369,G26P,-0.2493983894586563
106,B:106:ASN,N,17,6,0.11749376473473563,0.2493983894586563,N106D,-0.2493983894586563,N106W,0.247008016705513,N106D,-0.2493983894586563
107,B:107:TYR,Y,17,6,0.12434735461777328,0.2493983894586563,Y107K,-0.2493983894586563,Y107S,0.1274207144975662,Y107K,-0.2493983894586563
103,B:103:LYS,K,17,3,0.10175324988131426,0.2493983894586563,K103G,-0.2493983894586563,K103S,0.0990036735932032,K103G,-0.2493983894586563
105,B:105:ARG,R,17,5,0.12060620106902772,0.2493983894586563,R105H,-0.2493983894586563,R105D,0.1120995938777923,R105H,-0.2493983894586563
108,B:108:ALA,A,17,3,0.09903145584405633,0.2493983894586563,A108N,-0.2493983894586563,A108V,0.0991301347812016,A108N,-0.2493983894586563
100,B:100:GLY,G,17,8,0.16145732467081028,0.2493983894586563,G100N,-0.2493983894586563,G100V,0.0987828930219014,G100N,-0.2493983894586563
102,B:102:GLY,G,17,3,0.10872495437369623,0.2493983894586563,G102H,-0.2493983894586563,G102K,0.198634531100591,G102H,-0.2493983894586563
99,B:99:GLY,G,17,4,0.12247751664881606,0.2493983894586563,G99P,-0.2493983894586563,G99F,0.2300866256157557,G99P,-0.2493983894586563
109,B:109:TYR,Y,17,5,0.11952301637799127,0.2329121241966883,Y109I,0.2329121241966883,Y109I,0.2329121241966883,Y109D,-0.195353298385938
54,B:54:ASN,N,17,2,0.1000869357118419,0.2325549334287643,N54P,0.2325549334287643,N54P,0.2325549334287643,N54V,-0.2008653819561004
51,B:51:ILE,I,17,3,0.09775393681198939,0.2099328845739364,I51T,0.2099328845739364,I51T,0.2099328845739364,I51G,-0.2017479181289672
27,B:27:ARG,R,17,2,0.10189299028293755,0.2008894671996434,R27I,-0.2008894671996434,R27T,0.1597391873598098,R27I,-0.2008894671996434
98,B:98:ALA,A,17,2,0.07649200944339524,0.1981094866991043,A98N,-0.1981094866991043,A98W,0.1745983223120371,A98N,-0.1981094866991043
30,B:30:SER,S,17,2,0.09811125105502554,0.1970621138811111,S30K,-0.1970621138811111,S30T,0.1841001719236374,S30K,-0.1970621138811111
58,B:58:THR,T,17,2,0.09413783012651925,0.1923623989025752,T58L,0.1923623989025752,T58L,0.1923623989025752,T58W,-0.1872571100791295
52,B:52:THR,T,17,1,0.07214408703878811,0.1901490102211634,T52E,0.1901490102211634,T52E,0.1901490102211634,T52K,-0.1345487028360366
