position_1based,wt,n_mutants,n_good,n_bad,n_neutral,best_mutation,best_delta_processed,worst_mutation,worst_delta_processed,median_delta_processed,min_delta_processed,max_delta_processed
26,G,14,0,1,13,G26P,-0.1626058498063927,G26R,0.43433678314193447,-0.010518448917017587,-0.1626058498063927,0.43433678314193447
27,R,15,2,0,13,R27N,-0.3361507601329796,R27E,0.2570479268269539,-0.07051163448824371,-0.3361507601329796,0.2570479268269539
28,T,16,2,2,12,T28M,-0.3988060645911835,T28F,0.43458015202363587,-0.17314211737694507,-0.3988060645911835,0.43458015202363587
29,F,13,1,3,9,F29I,-0.63233952144419,F29A,0.7830557180234345,0.0863235834349545,-0.63233952144419,0.7830557180234345
30,S,15,0,1,14,S30V,-0.2811818359415126,S30Q,0.542859414270489,-0.0156510249682702,-0.2811818359415126,0.542859414270489
31,E,14,1,4,9,E31N,-0.4137113631428688,E31V,0.7052567790960298,0.12229840872697562,-0.4137113631428688,0.7052567790960298
32,Y,17,3,0,14,Y32N,-0.33574125091468954,Y32K,0.2337716274558277,-0.16919938136470503,-0.33574125091468954,0.2337716274558277
33,A,10,0,8,1,A33T,0.06484918973431864,A33R,1.953773374383542,1.094795105693927,0.06484918973431864,1.953773374383542
34,M,15,1,2,12,M34D,-0.3364300525532924,M34P,1.8201775378757405,0.05102324269902514,-0.3364300525532924,1.8201775378757405
35,G,14,0,14,0,G35A,0.30035142114841373,G35Y,2.0616087987458167,1.1607649706773355,0.30035142114841373,2.0616087987458167
36,W,16,0,13,3,W36I,-0.21043484946868585,W36Q,2.079629626075776,1.5475110227128654,-0.21043484946868585,2.079629626075776
37,F,13,0,11,2,F37Y,-0.16226820337353498,F37D,1.4520886575812155,0.9399952721860392,-0.16226820337353498,1.4520886575812155
38,R,14,0,4,10,R38S,-0.23201856510910002,R38P,1.3827372378226679,-0.017599672398005417,-0.23201856510910002,1.3827372378226679
39,Q,14,2,4,8,Q39W,-0.4072624410028096,Q39F,0.7508145609917927,-0.09622603164494681,-0.4072624410028096,0.7508145609917927
40,A,15,1,0,14,A40G,-0.32314483826797424,A40H,0.2546062641953817,-0.1176209513708022,-0.32314483826797424,0.2546062641953817
41,P,14,1,2,11,P41F,-0.332437113212829,P41Q,0.35775693885214865,-0.07736544435167503,-0.332437113212829,0.35775693885214865
42,G,17,1,3,13,G42T,-0.4799724907212015,G42H,0.5009673140631223,0.07410617993081292,-0.4799724907212015,0.5009673140631223
43,K,14,2,3,9,K43M,-0.3912722393028032,K43F,1.058552220185864,-0.009242650147865739,-0.3912722393028032,1.058552220185864
44,E,16,1,3,12,E44A,-0.30811505345239976,E44I,0.5853582127185435,0.00476518810963622,-0.30811505345239976,0.5853582127185435
45,R,13,1,0,12,R45Y,-0.34536768677037966,R45Q,0.15128140650037114,-0.1347254755353644,-0.34536768677037966,0.15128140650037114
46,E,17,2,4,11,E46V,-0.381358040824451,E46P,0.5968008783056549,-0.08101351237336285,-0.381358040824451,0.5968008783056549
47,F,16,0,14,2,F47G,0.17351710379074436,F47R,1.7524412773693578,0.5977292524091924,0.17351710379074436,1.7524412773693578
48,V,16,0,9,6,V48M,-0.2692287675855054,V48H,2.790703879206178,0.6088373806885952,-0.2692287675855054,2.790703879206178
49,A,15,1,9,4,A49N,-0.4215742872577968,A49P,3.2855331956348133,0.857590804774319,-0.4215742872577968,3.2855331956348133
50,T,15,0,13,2,T50D,-0.17031988501415452,T50W,2.9522412433891256,0.7996605539409924,-0.17031988501415452,2.9522412433891256
51,I,15,0,9,6,I51V,-0.27200454216650183,I51P,2.9321550867992494,0.40869302027002985,-0.27200454216650183,2.9321550867992494
52,S,12,0,10,2,S52A,-0.07489327694951631,S52Q,1.0805933516626256,0.5644337796205727,-0.07489327694951631,1.0805933516626256
53,W,14,2,5,7,W53Q,-0.44051714235979045,W53E,0.9656501823973236,0.23196906019827868,-0.44051714235979045,0.9656501823973236
54,S,15,1,5,9,S54Y,-0.3839627295481902,S54K,0.5787345371805737,-0.004146029120774664,-0.3839627295481902,0.5787345371805737
55,G,13,0,4,9,G55R,-0.08101351237336285,G55D,1.0542870751129074,0.2611134687043881,-0.08101351237336285,1.0542870751129074
56,G,16,4,2,10,G56K,-0.4971451891672587,G56N,0.40453591524982824,-0.043688120304019584,-0.4971451891672587,0.40453591524982824
57,S,13,1,0,12,S57W,-0.38512290763924173,S57A,0.2907785278913737,-0.07514423331326991,-0.38512290763924173,0.2907785278913737
58,T,13,1,2,10,T58Q,-0.3035339362314806,T58G,0.7716552462355937,0.006707828155737339,-0.3035339362314806,0.7716552462355937
59,Y,12,0,10,2,Y59W,0.06701228598555975,Y59N,2.416316635618224,0.6937920476956938,0.06701228598555975,2.416316635618224
60,Y,12,1,1,10,Y60V,-0.31566676434110885,Y60P,0.783606912734208,0.008651371899291438,-0.31566676434110885,0.783606912734208
61,T,16,3,1,12,T61D,-0.4192091324665048,T61Q,0.5639891134281223,-0.15203572547494115,-0.4192091324665048,0.5639891134281223
62,D,13,3,0,10,D62W,-0.3557503197688969,D62T,0.235172705728389,-0.14562864295609312,-0.3557503197688969,0.235172705728389
63,S,13,2,0,11,S63I,-0.3566492664862073,S63E,0.2654226765721548,-0.09984054226921213,-0.3566492664862073,0.2654226765721548
64,V,18,2,1,15,V64F,-0.613595578903939,V64L,0.35835510729953546,-0.12844448049955748,-0.613595578903939,0.35835510729953546
65,K,12,2,1,9,K65Q,-0.3343964963958923,K65G,0.3258230891671561,-0.04843460669595867,-0.3343964963958923,0.3258230891671561
66,G,15,0,1,14,G66F,-0.28008764042572576,G66V,0.30458009974388833,-0.09477608971046703,-0.28008764042572576,0.30458009974388833
67,R,12,3,2,7,R67H,-0.3899280626351169,R67S,0.39984977458220183,0.06925659550678909,-0.3899280626351169,0.39984977458220183
68,F,16,1,5,9,F68M,-0.5149538773322488,F68T,0.8801436798908475,0.054932596579395865,-0.5149538773322488,0.8801436798908475
69,T,15,3,0,12,T69M,-0.4459051980560522,T69P,0.26378930425862746,-0.22606201880859,-0.4459051980560522,0.26378930425862746
70,I,14,0,3,9,I70L,-0.28340027746833374,I70H,0.7974292096716313,0.026904373458321307,-0.28340027746833374,0.7974292096716313
71,S,15,2,3,10,S71A,-0.43987373541489827,S71P,0.46144508807523144,-0.11548556636825591,-0.43987373541489827,0.46144508807523144
72,R,11,0,9,2,R72H,0.008635092025170543,R72Y,0.6935688109615485,0.5146979847314741,0.008635092025170543,0.6935688109615485
73,D,16,2,0,14,D73F,-0.43231076090378817,D73L,0.2451200552656454,-0.09802589590217803,-0.43231076090378817,0.2451200552656454
74,N,13,0,3,10,N74Y,-0.08936182205964283,N74S,0.8367729973174898,0.17989710460956676,-0.08936182205964283,0.8367729973174898
75,A,14,3,2,9,A75E,-0.34936028942880437,A75D,0.5255650083604562,-0.10621586352319234,-0.34936028942880437,0.5255650083604562
76,K,16,3,3,10,K76Y,-0.523381849542221,K76T,0.7384313262292084,-0.05701290371121903,-0.523381849542221,0.7384313262292084
77,N,13,4,3,6,N77D,-0.5104104652072712,N77H,0.6162678691033863,-0.20971820504816452,-0.5104104652072712,0.6162678691033863
78,T,16,2,2,12,T78I,-0.5480908232035722,T78S,0.5185967536825418,0.07100549390444322,-0.5480908232035722,0.5185967536825418
79,V,17,0,6,11,V79T,-0.2477517050163509,V79R,0.7213554755601814,0.06622789536037121,-0.2477517050163509,0.7213554755601814
80,Y,16,4,0,12,Y80R,-0.4054190394056245,Y80I,0.15428753412280916,-0.1389341432907356,-0.4054190394056245,0.15428753412280916
81,L,16,0,10,3,L81V,0.006315210942084981,L81P,3.105098439641872,0.7600514954402913,0.006315210942084981,3.105098439641872
82,Q,10,2,1,7,Q82V,-0.42482563243711535,Q82P,0.7954612166532877,-0.06883414985810787,-0.42482563243711535,0.7954612166532877
83,M,14,1,6,7,M83E,-0.32768825039294813,M83H,2.4872879678618647,0.19309244318996377,-0.32768825039294813,2.4872879678618647
84,N,15,1,1,13,N84R,-0.3483935956614479,N84H,0.44202435791905703,-0.09496931171403045,-0.3483935956614479,0.44202435791905703
85,S,14,3,1,10,S85Y,-0.46692173023298533,S85K,0.8424701540861514,-0.21466747638851047,-0.46692173023298533,0.8424701540861514
86,L,15,1,6,8,L86T,-0.3547353801990447,L86R,2.618392195986506,0.2492415819642957,-0.3547353801990447,2.618392195986506
87,K,11,2,2,7,K87F,-0.3251493251461701,K87T,0.5273374120023475,-0.03890706314105241,-0.3251493251461701,0.5273374120023475
88,P,15,2,3,10,P88L,-0.3579909937191692,P88E,0.7398900860475282,-0.15075991959857293,-0.3579909937191692,0.7398900860475282
89,D,14,2,1,11,D89S,-0.31187368029454543,D89R,0.6514477175022906,-0.14678471678300564,-0.31187368029454543,0.6514477175022906
90,D,13,0,8,3,D90E,-0.21525737720672122,D90R,3.0559776458455454,2.1340818867312494,-0.21525737720672122,3.0559776458455454
91,T,12,1,2,9,T91H,-0.45372536978164657,T91P,0.792793655361657,-0.057798222248799824,-0.45372536978164657,0.792793655361657
92,A,15,2,7,5,A92Y,-0.3312661097794516,A92V,1.884500446130116,0.20506908430002202,-0.3312661097794516,1.884500446130116
93,V,16,2,2,12,V93W,-0.5293363465197762,V93Y,0.9379168809428693,0.0020209213960837857,-0.5293363465197762,0.9379168809428693
94,Y,15,1,12,2,Y94F,-0.44026240082345947,Y94T,2.9146385507749644,1.5947067274575994,-0.44026240082345947,2.9146385507749644
95,Y,15,0,2,13,Y95Q,-0.2892083610328582,Y95P,0.9652566352127794,-0.03638385962981072,-0.2892083610328582,0.9652566352127794
96,C,15,0,11,2,C96A,-0.22071610680705245,C96Q,2.8107256565418037,0.5314147492962826,-0.22071610680705245,2.8107256565418037
97,A,17,0,10,6,A97G,-0.2941637245666291,A97F,2.458552737881324,0.8637578649990756,-0.2941637245666291,2.458552737881324
98,A,15,3,4,8,A98I,-0.501827253247817,A98L,0.7586669500648644,0.060043249891113426,-0.501827253247817,0.7586669500648644
99,A,14,0,11,2,A99T,-0.12767313160683624,A99N,2.0178359246278754,1.2582084989409674,-0.12767313160683624,2.0178359246278754
100,G,16,0,3,13,G100M,-0.20536134619088298,G100V,0.46212034376429134,-0.05747194507337117,-0.20536134619088298,0.46212034376429134
101,L,14,3,2,9,L101W,-0.40326766873689746,L101G,0.3468438564252141,-0.12863377700912348,-0.40326766873689746,0.3468438564252141
102,G,15,1,2,12,G102Y,-0.3137603184275184,G102H,0.3559938538114913,-0.05141965719870267,-0.3137603184275184,0.3559938538114913
103,T,15,1,9,5,T103V,-0.3470261571690427,T103E,1.6604939404072154,0.5070431208691,-0.3470261571690427,1.6604939404072154
104,V,16,0,10,5,V104L,-0.08268722810613749,V104D,2.1689326791952523,0.6735315206025421,-0.08268722810613749,2.1689326791952523
105,V,12,2,5,5,V105K,-0.526550302400241,V105P,1.2828127221670202,0.20548089723453788,-0.526550302400241,1.2828127221670202
106,S,14,0,14,0,S106A,0.4847112425527138,S106E,2.456481360377812,1.1032936165178588,0.4847112425527138,2.456481360377812
107,E,16,0,12,4,E107I,-0.013694829048215063,E107F,1.440873367883868,0.5701512286015218,-0.013694829048215063,1.440873367883868
108,W,15,0,14,1,W108F,0.006005966321336764,W108Q,1.6707826024438797,0.8169161742817304,0.006005966321336764,1.6707826024438797
109,D,15,0,2,13,D109L,-0.25264943422922226,D109P,0.5658864088460236,0.07803437981720851,-0.25264943422922226,0.5658864088460236
110,Y,18,0,6,12,Y110N,-0.2081814686396115,Y110D,0.8921704802453059,0.059185415079910264,-0.2081814686396115,0.8921704802453059
111,D,16,0,11,5,D111H,-0.18493502514122806,D111R,1.8757038509452792,0.6366884795823529,-0.18493502514122806,1.8757038509452792
112,Y,14,0,13,0,Y112I,0.5530892265630323,Y112G,1.4579730835725622,1.0560075003691134,0.5530892265630323,1.4579730835725622
113,D,17,0,2,15,D113M,-0.29168631683756185,D113W,0.5215008470225913,-0.08797828277485453,-0.29168631683756185,0.5215008470225913
114,Y,17,3,5,9,Y114I,-0.38935648500860065,Y114W,1.0512755885131004,-0.09237206348126303,-0.38935648500860065,1.0512755885131004
