,A,R,N,D,C,Q,E,G,H,I,L,K,M,F,P,S,T,W,Y,V
A,,,,,,,,,,,,,,,,,,,,
R,,,,,,,,,,,,,,,,,,,,
N,,,,,,,,,,,,,,,,,,,,
D,0.011803269386291504,0.030683477719624836,0.003842433293660482,,0.05114102363586426,0.014978925387064615,0.009579022725423178,0.012889583905537924,0.028104861577351887,0.025885621706644695,0.02575695514678955,0.026796976725260418,0.03675353527069092,0.03214665253957113,0.012807528177897135,0.009858369827270508,0.016576409339904785,0.03500004609425863,0.02199896176656087,0.023741483688354492
C,,,,,,,,,,,,,,,,,,,,
Q,,,,,,,,,,,,,,,,,,,,
E,-0.00031280517578125,-0.00113755464553833,-0.00863945484161377,-0.008262038230895996,0.019556105136871338,0.00026911497116088867,,-0.018885016441345215,0.0029786229133605957,0.01403355598449707,0.011496365070343018,0.009307146072387695,0.020818650722503662,0.009904861450195312,0.0009513497352600098,-0.024267613887786865,-0.01027899980545044,0.00803297758102417,-0.004867672920227051,0.011007547378540039
G,0.013531744480133057,0.017868787050247192,0.03591427206993103,0.019028425216674805,0.03857630491256714,0.02255183458328247,0.02228933572769165,,0.02494293451309204,0.02630394697189331,0.02575865387916565,0.018337488174438477,0.0335347056388855,0.02384534478187561,0.020952969789505005,0.003931522369384766,0.00942346453666687,0.023258209228515625,0.013586670160293579,0.02016022801399231
H,,,,,,,,,,,,,,,,,,,,
I,,,,,,,,,,,,,,,,,,,,
L,-0.005774021148681641,-0.017455101013183594,0.006122946739196777,-0.0007642507553100586,0.003172636032104492,-0.00397038459777832,-0.0029230117797851562,-0.010500073432922363,-0.0027211904525756836,-0.002357006072998047,,-0.01566946506500244,0.004539608955383301,0.005837678909301758,-0.0016280412673950195,-0.01687633991241455,-0.0169827938079834,-0.011240005493164062,-0.007895231246948242,-0.0028225183486938477
K,0.0629875659942627,0.027902960777282715,0.05605721473693848,0.08641934394836426,0.10705733299255371,0.04406547546386719,0.07460343837738037,0.06919825077056885,0.07294952869415283,0.09291255474090576,0.08393681049346924,,0.07327508926391602,0.10762894153594971,0.08414101600646973,0.06660759449005127,0.07585632801055908,0.07903110980987549,0.10038411617279053,0.08722472190856934
M,,,,,,,,,,,,,,,,,,,,
F,,,,,,,,,,,,,,,,,,,,
P,,,,,,,,,,,,,,,,,,,,
S,0.011713902155558268,0.02032013734181722,0.016994913419087727,0.02135920524597168,0.04960338274637858,0.02520310878753662,0.02703958749771118,0.008735557397206625,0.030540446440378826,0.0312191645304362,0.03341341018676758,0.021677911281585693,0.040052553017934166,0.031175434589385986,0.02641830841700236,,0.008883515993754068,0.029126683870951336,0.019206265608469646,0.027876595656077068
T,-0.00293882687886556,0.014249722162882486,0.016746123631795246,0.021406372388203938,0.03187636534372965,0.019315163294474285,0.024505217870076496,0.002084811528523763,0.022640426953633625,0.016711314519246418,0.017718156178792317,0.008524616559346518,0.024611552556355793,0.02218949794769287,0.006289283434549968,-0.005716363588968913,,0.02751612663269043,0.018807133038838703,0.011186321576436361
W,-0.008717477321624756,-3.409385681152344e-05,-0.0038791298866271973,0.0013936161994934082,0.017100751399993896,0.004741191864013672,0.00020903348922729492,-0.01114046573638916,0.0029982328414916992,-0.0010823607444763184,6.300210952758789e-05,0.004816293716430664,0.008847177028656006,0.0013453364372253418,-0.014065325260162354,-0.0112074613571167,-0.009792029857635498,,-0.008252322673797607,-0.002300739288330078
Y,0.021804253260294598,0.015650351842244465,0.022909879684448242,0.02072775363922119,0.038911660512288414,0.023277441660563152,0.024247606595357258,0.02133019765218099,0.016640901565551758,0.02124329408009847,0.020459731419881184,0.01628998915354411,0.029381831487019856,0.014028628667195639,0.026890158653259277,0.011184891064961752,0.013569116592407227,0.0259169340133667,,0.024560729662577312
V,0.009190837542215982,0.02677301565806071,0.022084593772888184,0.02427331606547038,0.023935953776041668,0.022274017333984375,0.02503637472788493,0.020947496096293133,0.01913619041442871,0.008897225062052408,0.009466211001078287,0.028382539749145508,0.02034938335418701,0.012659867604573568,0.026066899299621582,0.015636165936787922,0.008765220642089844,0.021361788113911945,0.013479789098103842,
