anarci_label,pdb_auth_label,seq_index,mutation,is_paper_mutation,is_site_best,vanilla_esm_logratio,vanilla_esm_loss,site_rank,global_rank,aa_mutation_z_logratio,aa_substitution_type_z_logratio
H56,56,57,S57N,False,True,-2.8935279548168182,2.8935279548168182,1,154,1.502738212940496,2.061033182359041
H56,56,57,S57G,False,False,-3.7704720199108124,3.7704720199108124,2,319,1.0345077777736142,1.2899957199879994
H56,56,57,S57D,False,False,-3.912046879529953,3.912046879529953,3,338,1.1963414784495738,1.549106442333108
H56,56,57,S57T,False,False,-4.411168545484543,4.411168545484543,4,459,0.6726437520339197,0.8043227411610124
H56,56,57,S57Y,False,False,-4.500934571027756,4.500934571027756,5,476,1.0476234507709523,1.3332270586722679
H56,56,57,S57A,False,False,-4.554148644208908,4.554148644208908,6,489,0.6658286612277187,0.9952783005020399
H56,56,57,S57Q,False,False,-4.959466904401779,4.959466904401779,7,563,0.7405494541949486,1.3939192383244459
H56,56,57,S57K,False,False,-5.049407452344894,5.049407452344894,8,591,0.8665266508677645,1.376205317347602
H56,56,57,S57E,False,False,-5.159899681806564,5.159899681806564,9,626,0.818421574339904,1.3200930064523753
H56,56,57,S57R,False,False,-5.719729870557785,5.719729870557785,10,732,0.6008892130666538,0.9614790227498731
H56,56,57,S57P,False,False,-5.799756497144699,5.799756497144699,11,749,0.6775339707921272,0.746227484810324
H56,56,57,S57H,False,False,-6.158919304609299,6.158919304609299,12,829,0.5816402912707578,1.0177889822222692
H56,56,57,S57V,False,False,-6.309602230787277,6.309602230787277,13,864,0.21467005905450293,0.7775165784118073
H56,56,57,S57F,False,False,-6.553472489118576,6.553472489118576,14,914,0.4765510589826553,1.0157088793040179
H56,56,57,S57L,False,False,-6.6799993216991425,6.6799993216991425,15,949,0.07437204477200275,0.6715388301137708
H56,56,57,S57W,False,False,-6.7032608687877655,6.7032608687877655,16,962,0.7861314085021814,1.0813583945399912
H56,56,57,S57I,False,False,-6.715244263410568,6.715244263410568,17,968,0.26557592470830205,0.9330435441987008
H56,56,57,S57M,True,False,-8.148252934217453,8.148252934217453,18,1346,-0.02847697770944608,0.6115842203827669
H56,56,57,S57C,False,False,-10.799349278211594,10.799349278211594,19,1994,-0.2658797261075595,-0.027510394622605305
H97,97,101,L101G,False,True,-1.3268766403198242,1.3268766403198242,1,31,1.8342949972168026,2.431450023416822
H97,97,101,L101S,False,False,-1.4187939167022705,1.4187939167022705,2,33,1.4803918319160059,2.384961128099973
H97,97,101,L101R,False,False,-1.939577579498291,1.939577579498291,3,61,1.8189254465328542,2.2478847904759958
H97,97,101,L101T,False,False,-2.1757924556732178,2.1757924556732178,4,78,1.4307390078454643,2.341940746920933
H97,97,101,L101Y,False,False,-2.4813876152038574,2.4813876152038574,5,102,1.5988719360451829,2.0969399675677196
H97,97,101,L101A,False,False,-2.5849251747131348,2.5849251747131348,6,117,1.38738515134794,2.265060227271126
H97,97,101,L101K,False,False,-2.5870280265808105,2.5870280265808105,7,118,1.62676661393774,2.300931149576236
H97,97,101,L101D,False,False,-2.739081621170044,2.739081621170044,8,138,1.5576214574256142,2.301824995676689
H97,97,101,L101W,True,False,-3.010223865509033,3.010223865509033,9,173,1.8627004009103132,2.231277116874884
H97,97,101,L101H,False,False,-3.018869400024414,3.018869400024414,10,175,1.6574028562849108,2.1053591120797996
H97,97,101,L101E,False,False,-3.1509714126586914,3.1509714126586914,11,196,1.4694021990212118,2.1925073506654953
H97,97,101,L101Q,False,False,-3.1539793014526367,3.1539793014526367,12,197,1.3345450218713,2.1124788616824497
H97,97,101,L101P,False,False,-3.312124252319336,3.312124252319336,13,225,1.4252620034326664,2.342580444398837
H97,97,101,L101V,False,False,-3.3216419219970703,3.3216419219970703,14,228,1.3040978505955547,1.9953766959487915
H97,97,101,L101N,False,False,-3.5951151847839355,3.5951151847839355,15,285,1.2714871761325401,2.302826495059092
H97,97,101,L101F,False,False,-3.6627731323242188,3.6627731323242188,16,297,1.3449673235691588,2.0815982559299173
H97,97,101,L101I,False,False,-3.702308177947998,3.702308177947998,17,308,1.250345393483397,1.841945402919844
H97,97,101,L101C,False,False,-4.468274116516113,4.468274116516113,18,472,1.7397260339769471,2.2483568093454545
H97,97,101,L101M,False,False,-4.494410514831543,4.494410514831543,19,475,1.2173414223802448,1.7974007126318552
H99,99,103,T103G,False,True,-2.91351854801178,2.91351854801178,1,157,1.3149881061482052,1.265896683228588
H99,99,103,T103S,False,False,-3.0371676683425903,3.0371676683425903,2,179,0.9385602312249122,0.5742734696166744
H99,99,103,T103A,False,False,-3.600277543067932,3.600277543067932,3,286,1.0153430228164662,0.7466176388207424
H99,99,103,T103V,True,False,-3.7819935083389282,3.7819935083389282,4,320,1.136250971717873,1.2812358646899897
H99,99,103,T103D,False,False,-3.9960285425186157,3.9960285425186157,5,363,1.1704746480190282,1.1093955204117059
H99,99,103,T103N,False,False,-4.03085720539093,4.03085720539093,6,369,1.127861708418591,1.1161249882079347
H99,99,103,T103Y,False,False,-4.093547940254211,4.093547940254211,7,383,1.1588222830076964,0.9414676119141825
H99,99,103,T103E,False,False,-4.17753279209137,4.17753279209137,8,405,1.1367514128683291,1.072498108294386
H99,99,103,T103R,False,False,-4.2138906717300415,4.2138906717300415,9,417,1.0860989519133997,1.0903467686619595
H99,99,103,T103H,False,False,-4.256362080574036,4.256362080574036,10,423,1.2334451675008875,1.2012017136672524
H99,99,103,T103L,False,False,-4.261013150215149,4.261013150215149,11,425,0.8771704877194416,0.973084332286348
H99,99,103,T103I,False,False,-4.3836342096328735,4.3836342096328735,12,454,1.0276559452995173,1.2656402274475411
H99,99,103,T103P,False,False,-4.50705873966217,4.50705873966217,13,477,1.0660907411957463,1.1761783985490928
H99,99,103,T103K,False,False,-4.609532952308655,4.609532952308655,14,499,1.0023343863304688,1.015002892578726
H99,99,103,T103Q,False,False,-4.610588192939758,4.610588192939758,15,500,0.8553286462129812,0.6809202918910846
H99,99,103,T103C,False,False,-4.870580792427063,4.870580792427063,16,543,1.6122802896254664,1.8124939207301207
H99,99,103,T103W,False,False,-4.991385579109192,4.991385579109192,17,576,1.285165632665503,1.024681234301634
H99,99,103,T103F,False,False,-5.012230038642883,5.012230038642883,18,582,0.9395670445497306,0.938606112629515
H99,99,103,T103M,False,False,-5.258979439735413,5.258979439735413,19,646,0.9566531043158549,0.7323720672307473
