cdr,anarci_label,seq_index,wt,esm2_top_aa,esm2_top_prob,esm2_wt_prob,esm2_entropy,esm2_effective_aa,ablang2_top_aa,ablang2_top_prob,ablang2_wt_prob,ablang2_entropy,ablang2_effective_aa,combined_geomean_top_aa,combined_geomean_top_prob,combined_geomean_wt_prob,combined_geomean_entropy,combined_geomean_effective_aa
CDR1,H30,30,S,T,0.6006781173459939,0.2402404370681455,1.2693299867818968,3.558467543157443,S,0.30977007548006624,0.30977007548006624,2.2956637913943063,9.931025954435121,S,0.33272142697475005,0.33272142697475005,1.8703538828411548,6.490592902373297
CDR1,H31,31,E,S,0.6632818649350901,0.009455496762940815,1.342326898348396,3.827940378436742,S,0.2434220519823509,0.009754855666541062,2.260851364604077,9.591251343679922,S,0.47359946523325136,0.011319696459062225,1.865728176824442,6.4606386609015365
CDR2,H52,52,S,Y,0.3710612918416193,0.18218557590247664,2.217561385301594,9.184905088528307,S,0.4891559698897249,0.4891559698897249,1.6318087094135398,5.113114498305054,S,0.4168332286292727,0.4168332286292727,2.092576455118963,8.105772442749664
CDR2,H52A,53,W,P,0.43899593076048093,0.00231286287886574,2.0197105046704356,7.536142939654664,G,0.4409920954916432,0.0009659061828642759,1.8521284880443298,6.373370739104836,G,0.30413469184011505,0.002141264643800978,2.2516279871079075,9.503194327681449
CDR2,H53,54,S,G,0.33715920371911734,0.24009611178378992,2.0579158088745615,7.8296343387050475,S,0.36188330630380944,0.36188330630380944,1.83310634867613,6.253281391900114,S,0.35971271889960016,0.35971271889960016,1.9953313110456534,7.3546392975230575
CDR2,H54,55,G,S,0.3581576893135293,0.35085768059451306,1.75693180563933,5.794631037418189,G,0.6216800009586757,0.6216800009586757,1.4492569360142202,4.25994792494062,G,0.5622569543075707,0.5622569543075707,1.6434648348585865,5.1730623031450635
CDR2,H55,56,G,G,0.47402340316157165,0.47402340316157165,1.7306014977669835,5.644047769756248,G,0.29913831594708146,0.29913831594708146,2.331963954860593,10.298146780877001,G,0.41720084171437993,0.41720084171437993,2.041165672971422,7.699579161161501
CDR2,H56,57,S,N,0.23035241729498065,0.166311817519688,2.3620314865370613,10.612488696627977,S,0.30320481679432004,0.30320481679432004,2.113778291632178,8.279464493703474,S,0.24507511656378037,0.24507511656378037,2.2661284654326446,9.641999126909361
CDR2,H57,58,T,T,0.20965454522110474,0.20965454522110474,2.5016910985169876,12.203113187831908,T,0.5109480328099549,0.5109480328099549,1.717154432416132,5.568659899351548,T,0.3963356368059265,0.3963356368059265,2.0895476830092274,8.081259046731674
CDR2,H58,59,Y,Y,0.30939216888370485,0.30939216888370485,2.368802808255758,10.68459311744065,Y,0.4662389289948711,0.4662389289948711,1.6547531891680194,5.231788500743609,Y,0.44393948448379655,0.44393948448379655,2.0277315946992696,7.596834099879127
CDR2,H59,60,Y,Y,0.8806223849255554,0.8806223849255554,0.6647142788892318,1.9439350187083897,Y,0.598040681255878,0.598040681255878,1.3508386651468227,3.8606619760032745,Y,0.7926996272070211,0.7926996272070211,0.9421864497294054,2.565584812546264
CDR2,H60,61,T,A,0.5929411086295294,0.03269457703173239,1.2895163897747797,3.6310301277759014,A,0.497687250367632,0.06764907469748867,1.722211542419542,5.596892552681622,A,0.62725178378354,0.05430335458180574,1.3695981216974495,3.933769481162179
CDR2,H61,62,D,D,0.7906589136713458,0.7906589136713458,0.8568957934383487,2.3558363288264403,D,0.5752193756972718,0.5752193756972718,1.5168961842098694,4.558055851277289,D,0.7186551621293505,0.7186551621293505,1.0721586027950385,2.921679443405742
CDR2,H62,63,S,S,0.5702837421749821,0.5702837421749821,1.1388557549820706,3.1231926222152544,S,0.649810827254494,0.649810827254494,1.1998496060143817,3.319617634665721,S,0.6478111045022149,0.6478111045022149,1.1046949182126444,3.018303498901913
CDR2,H63,64,V,V,0.690719547122068,0.690719547122068,1.0820976155044133,2.950862839360865,V,0.6856930863284604,0.6856930863284604,1.0500395935186195,2.857764264765838,V,0.7452375427533641,0.7452375427533641,0.949259908686105,2.583796706024106
CDR2,H64,65,K,K,0.8934315987665559,0.8934315987665559,0.4945500027899982,1.6397601854999309,K,0.5293986981809348,0.5293986981809348,1.3706384185537717,3.9378638985224277,K,0.7689741312757987,0.7689741312757987,0.8745714960292558,2.3978475865823854
CDR3,H96,100,G,T,0.1795958231041241,0.059020962911060355,2.7374223584247517,15.447116605095282,P,0.17024440289961645,0.13951814378978777,2.663718021456608,14.349541944562306,P,0.11432024493486335,0.09825012903789644,2.787719814921155,16.24393835571432
CDR3,H97,101,L,S,0.18042221947923986,0.022096717898756155,2.620650625604688,13.74466330643174,R,0.1802961191196986,0.060556658156659796,2.6071917171758656,13.56091444487093,G,0.17885427355512812,0.03907720345408044,2.6559724457232514,14.23882581430186
CDR3,H98,102,G,S,0.11132283843727617,0.11065344049828356,2.8631043938350027,17.515818620934823,T,0.17767695982895876,0.0915137006164617,2.706792357457799,14.981144206639843,G,0.1065372495831517,0.1065372495831517,2.8214667813658156,16.801476700167218
CDR3,H99,103,T,G,0.12565168080728548,0.08774837823156344,2.833195973234725,16.999704698599476,V,0.17676447229141423,0.03773445691722569,2.6274140538352806,13.837939427866925,G,0.12969523066064703,0.06235820519830502,2.7815574666565643,16.14414534581778
CDR3,H100,104,V,S,0.13966831043960667,0.04218353790141754,2.8054140732593686,16.533920743285144,T,0.1185759975110839,0.0993985897109043,2.6587120515901024,14.277888068198148,S,0.13112196875873983,0.06777058295398442,2.742556377884018,15.526626329928575
CDR3,H100A,105,V,S,0.12213259016154293,0.05242519028654937,2.877367333979719,17.767435828539753,Y,0.13413020482647706,0.053885985311986656,2.760496874756318,15.807695442066594,S,0.11079428592091356,0.05520061817637808,2.835898493216246,17.045708875831767
CDR3,H100B,106,S,G,0.146611495012268,0.117546182872331,2.818809976590122,16.756897701701668,L,0.13495632911573857,0.0858113636343798,2.7214866684965835,15.20290713576656,G,0.12405497858337267,0.10510075938380281,2.7876880127208294,16.243421770946963
CDR3,H100C,107,E,G,0.12513624028850492,0.0358284463896382,2.815653920429159,16.704095358880245,G,0.22550724106213377,0.02219528511602627,2.631580648484272,13.895716796089749,G,0.17273330359962308,0.028996703945332176,2.73935839794736,15.477051801864738
CDR3,H100D,108,W,G,0.12420858141624493,0.02436420141938185,2.8394361890113666,17.10611820034997,G,0.14876111592881996,0.049447416140352175,2.692495438751213,14.768483822236112,G,0.13990433245107153,0.035723873335426225,2.7616703658769697,15.826256520806362
CDR3,H100E,109,D,S,0.15100139357650566,0.03752356546758955,2.782476640067769,16.158991436987147,G,0.30166646876108144,0.05118676361847024,2.526627693691317,12.511243170613756,G,0.21303121836815353,0.04545275461966595,2.6985640441365835,14.858380420290752
CDR3,H100F,110,Y,Y,0.11653586958024732,0.11653586958024732,2.8013496464956,16.46685621506085,G,0.15830980117019966,0.0602020676946694,2.768451080276807,15.93393450053772,G,0.11483548150207294,0.0864749691244016,2.818804782355562,16.75681066267056
CDR3,H100G,111,D,S,0.16960876465607852,0.03475162246565597,2.7671081635326624,15.912550914498356,Y,0.4643785248304924,0.01072812629970985,1.9285027724853587,6.879202795506638,Y,0.2568884294493547,0.024345017412169503,2.5934286600464693,13.375553298605483
