policy,stop_grad,edit_count,total_loss,position_0idx,wt_aa,mut_aa,n_real_contrast_pairs,sign_agreement_rate
greedy,0,1,2.9038031101226807,105,S,A,0,
greedy,0,2,2.8235464096069336,105,S,A,0,
greedy,0,2,2.8235464096069336,107,W,S,0,
greedy,0,3,2.8191049098968506,105,S,A,0,
greedy,0,3,2.8191049098968506,106,E,N,0,
greedy,0,3,2.8191049098968506,107,W,S,0,
greedy,0,4,2.771484136581421,105,S,A,0,
greedy,0,4,2.771484136581421,106,E,N,0,
greedy,0,4,2.771484136581421,107,W,S,0,
greedy,0,4,2.771484136581421,108,D,W,8,0.0
greedy,0,5,2.7270119190216064,30,E,H,6,0.0
greedy,0,5,2.7270119190216064,105,S,A,0,
greedy,0,5,2.7270119190216064,106,E,N,0,
greedy,0,5,2.7270119190216064,107,W,S,0,
greedy,0,5,2.7270119190216064,108,D,W,8,0.0
greedy,1,1,2.892500638961792,105,S,A,0,
greedy,1,2,2.8484413623809814,102,T,A,37,0.02702702702702703
greedy,1,2,2.8484413623809814,105,S,A,0,
greedy,1,3,2.8403749465942383,26,R,V,7,0.7142857142857143
greedy,1,3,2.8403749465942383,102,T,A,37,0.02702702702702703
greedy,1,3,2.8403749465942383,105,S,A,0,
greedy,1,4,2.8058853149414062,26,R,S,40,0.4
greedy,1,4,2.8058853149414062,30,E,D,10,0.2
greedy,1,4,2.8058853149414062,102,T,A,37,0.02702702702702703
greedy,1,4,2.8058853149414062,105,S,A,0,
greedy,1,5,2.7181196212768555,26,R,P,34,0.5882352941176471
greedy,1,5,2.7181196212768555,30,E,D,10,0.2
greedy,1,5,2.7181196212768555,102,T,A,37,0.02702702702702703
greedy,1,5,2.7181196212768555,105,S,A,0,
greedy,1,5,2.7181196212768555,111,Y,F,0,
mcmc,0,1,3.134165048599243,104,V,W,0,
mcmc,0,2,3.089036464691162,104,V,R,0,
mcmc,0,2,3.089036464691162,105,S,A,0,
mcmc,0,4,3.0947484970092773,51,S,A,0,
mcmc,0,4,3.0947484970092773,104,V,R,0,
mcmc,0,4,3.0947484970092773,105,S,A,0,
mcmc,0,4,3.0947484970092773,109,Y,P,0,
mcmc,0,5,2.654873847961426,51,S,A,0,
mcmc,0,5,2.654873847961426,98,A,C,0,
mcmc,0,5,2.654873847961426,102,T,F,0,
mcmc,0,5,2.654873847961426,104,V,R,0,
mcmc,0,5,2.654873847961426,109,Y,P,0,
mcmc,1,2,2.858246326446533,104,V,W,0,
mcmc,1,2,2.858246326446533,105,S,A,0,
mcmc,1,3,2.8381905555725098,104,V,W,0,
mcmc,1,3,2.8381905555725098,105,S,A,0,
mcmc,1,3,2.8381905555725098,108,D,G,5,0.0
mcmc,1,4,2.866878032684326,55,G,E,10,0.4
mcmc,1,4,2.866878032684326,104,V,W,0,
mcmc,1,4,2.866878032684326,105,S,A,0,
mcmc,1,4,2.866878032684326,108,D,G,5,0.0
mcmc,1,5,2.8703391551971436,30,E,N,20,0.5
mcmc,1,5,2.8703391551971436,55,G,M,67,0.7014925373134329
mcmc,1,5,2.8703391551971436,104,V,W,0,
mcmc,1,5,2.8703391551971436,105,S,A,0,
mcmc,1,5,2.8703391551971436,108,D,G,5,0.0
