edit_count,sample_idx,polish_loss,refold_loss,refold_batch_size,ipsae_pae_cutoff,iptm,bt_ipsae,tb_ipsae,ipsae_min,ipae_min,bt_pae_mean,tb_pae_mean,sequence,geom_interface_atom_contacts_refolded,geom_interface_residue_contacts_refolded,geom_hbonds_refolded,geom_hbond_atom_pairs_refolded,geom_saltbridges_refolded,geom_saltbridge_atom_pairs_refolded,geom_hydrophobic_contacts_refolded,geom_hydrophobic_atom_pairs_refolded,geom_interaction_score_refolded,target_ca_rmsd_target_aligned,binder_ca_rmsd_target_aligned,target_ca_rmsd_n,binder_ca_rmsd_n,cdr_ca_rmsd_target_aligned,cdr_ca_rmsd_n,rmsd_filter_threshold,rmsd_pass
0,0,0.0,-0.8250448703765869,1,12.0,0.929153323173523,0.8250448703765869,0.8841805458068848,0.8250448703765869,0.40330737829208374,4.693767547607422,4.409857749938965,QVQLQESGGGLVQAGGSLRLSCAASGRTFSEYAMGWFRQAPGKEREFVATISWSGGSTYYTDSVKGRFTISRDNAKNTVYLQMNSLKPDDTAVYYCAAAGLGTVVSEWDYDYDYWGQGTQVTVSSGS,249,38,10,13,1,2,6,27,17,15.086701543591236,31.0776576750157,194,127,22.09570820633846,28,2.5,false
0,1,0.0,-0.8296002149581909,1,12.0,0.9285818338394165,0.8296002149581909,0.8820580244064331,0.8296002149581909,0.4220518469810486,4.641053676605225,4.338260173797607,QVQLQESGGGLVQAGGSLRLSCAASGRTFSEYAMGWFRQAPGKEREFVATISWSGGSTYYTDSVKGRFTISRDNAKNTVYLQMNSLKPDDTAVYYCAAAGLGTVVSEWDYDYDYWGQGTQVTVSSGS,265,41,11,15,2,3,7,26,20,30.418191737248026,45.37575873491755,194,127,33.89877700690423,28,2.5,false
0,2,0.0,-0.8113803267478943,1,12.0,0.9265604019165039,0.8113803267478943,0.8795030117034912,0.8113803267478943,0.43697139620780945,4.839685440063477,4.541377544403076,QVQLQESGGGLVQAGGSLRLSCAASGRTFSEYAMGWFRQAPGKEREFVATISWSGGSTYYTDSVKGRFTISRDNAKNTVYLQMNSLKPDDTAVYYCAAAGLGTVVSEWDYDYDYWGQGTQVTVSSGS,251,43,10,13,2,2,9,30,21,18.31312383509226,50.44314600534471,194,127,32.782711653190646,28,2.5,false
0,3,0.0,-0.8327591419219971,1,12.0,0.9332880973815918,0.8327591419219971,0.8892208337783813,0.8327591419219971,0.39474934339523315,4.466230392456055,4.124709129333496,QVQLQESGGGLVQAGGSLRLSCAASGRTFSEYAMGWFRQAPGKEREFVATISWSGGSTYYTDSVKGRFTISRDNAKNTVYLQMNSLKPDDTAVYYCAAAGLGTVVSEWDYDYDYWGQGTQVTVSSGS,251,44,12,17,2,3,9,26,23,9.368872654452996,17.758015011597948,194,127,12.794783976397786,28,2.5,false
0,4,0.0,-0.8257982730865479,1,12.0,0.9297525882720947,0.8257982730865479,0.8829925060272217,0.8257982730865479,0.41883042454719543,4.625477313995361,4.372818946838379,QVQLQESGGGLVQAGGSLRLSCAASGRTFSEYAMGWFRQAPGKEREFVATISWSGGSTYYTDSVKGRFTISRDNAKNTVYLQMNSLKPDDTAVYYCAAAGLGTVVSEWDYDYDYWGQGTQVTVSSGS,287,43,12,15,1,2,8,35,21,2.4057014228593516,6.382279144447539,194,127,4.786986589539873,28,2.5,false
3,0,0.0,-0.8091660141944885,1,12.0,0.9275265336036682,0.8091660141944885,0.8759691715240479,0.8091660141944885,0.4249619245529175,5.0460734367370605,4.9335174560546875,QVQLQESGGGLVQAGGSLRLSCAASGRTFSEYAMGWFRQAPGKEREFVATISWSGGMTYYTDSVKGRFTISRDNAKNTVYLQMNSLKPDDTAVYYCAAAGWGVVVSEWDYDYDYWGQGTQVTVSSGS,250,44,10,12,1,2,8,28,19,1.3453583984365467,3.519247772666278,194,127,2.242960988523657,28,2.5,false
3,1,0.0,-0.8325809240341187,1,12.0,0.9368748664855957,0.8325809240341187,0.891872227191925,0.8325809240341187,0.3929445147514343,4.661238193511963,4.488927364349365,QVQLQESGGGLVQAGGSLRLSCAASGRTFSEYAMGWFRQAPGKEREFVATISWSGGMTYYTDSVKGRFTISRDNAKNTVYLQMNSLKPDDTAVYYCAAAGWGVVVSEWDYDYDYWGQGTQVTVSSGS,320,50,12,16,1,2,12,43,25,16.82757817412759,32.41544125402827,194,127,18.92158781312713,28,2.5,false
3,2,0.0,-0.8172824382781982,1,12.0,0.9332813024520874,0.8172824382781982,0.8849978446960449,0.8172824382781982,0.40350356698036194,4.7865986824035645,4.7207465171813965,QVQLQESGGGLVQAGGSLRLSCAASGRTFSEYAMGWFRQAPGKEREFVATISWSGGMTYYTDSVKGRFTISRDNAKNTVYLQMNSLKPDDTAVYYCAAAGWGVVVSEWDYDYDYWGQGTQVTVSSGS,279,46,10,14,2,3,10,31,22,15.513197220828822,31.894779207419013,194,127,21.40990107152957,28,2.5,false
3,3,0.0,-0.8229418992996216,1,12.0,0.9343382716178894,0.8229418992996216,0.8883656859397888,0.8229418992996216,0.40196654200553894,4.732834815979004,4.59274435043335,QVQLQESGGGLVQAGGSLRLSCAASGRTFSEYAMGWFRQAPGKEREFVATISWSGGMTYYTDSVKGRFTISRDNAKNTVYLQMNSLKPDDTAVYYCAAAGWGVVVSEWDYDYDYWGQGTQVTVSSGS,273,44,12,16,2,3,9,35,23,30.351325198830086,36.43888696697792,194,127,32.28052331721613,28,2.5,false
3,4,0.0,-0.8235045671463013,1,12.0,0.9329157471656799,0.8235045671463013,0.8849020600318909,0.8235045671463013,0.4020718038082123,4.763540267944336,4.489096164703369,QVQLQESGGGLVQAGGSLRLSCAASGRTFSEYAMGWFRQAPGKEREFVATISWSGGMTYYTDSVKGRFTISRDNAKNTVYLQMNSLKPDDTAVYYCAAAGWGVVVSEWDYDYDYWGQGTQVTVSSGS,281,50,12,16,1,2,8,30,21,20.82035858180215,19.500198863193088,194,127,18.484353531226585,28,2.5,false
