mode,edit_count,mutations,iptm_mean,iptm_std,iptm_min,iptm_max,bt_ipsae_mean,bt_ipsae_std,bt_ipsae_min,bt_ipsae_max,tb_ipsae_mean,tb_ipsae_std,tb_ipsae_min,tb_ipsae_max,ipsae_min_mean,ipsae_min_std,ipsae_min_min,ipsae_min_max,ipae_min_mean,ipae_min_std,ipae_min_min,ipae_min_max,bt_pae_mean_mean,bt_pae_mean_std,bt_pae_mean_min,bt_pae_mean_max,tb_pae_mean_mean,tb_pae_mean_std,tb_pae_mean_min,tb_pae_mean_max,baseline_ipsae_min_mean,baseline_ipae_min_mean,delta_ipsae_min_mean,abs_delta_ipsae_min_mean,z_delta_ipsae_min_mean,delta_ipae_min_mean,acknowledged
absolute,1,S30W,0.6416420539220175,0.09888010822396337,0.5332424640655518,0.7268970012664795,0.4070831537246704,0.1347678819052141,0.2523795962333679,0.49901193380355835,0.5583374599615732,0.09823976840687527,0.4522201120853424,0.6461147665977478,0.4070831537246704,0.1347678819052141,0.2523795962333679,0.49901193380355835,4.810490528742473,1.3770511584287837,3.7045490741729736,6.352875232696533,10.814336776733398,2.177175215545789,8.964109420776367,13.213419914245605,12.570449511210123,2.4707450191760096,10.556077003479004,15.327295303344727,0.24949671924114228,6.7807718276977536,0.15758643448352813,0.15758643448352813,1.628485537998687,-1.970281298955281,False
absolute,2,S30W;T52M,0.6098836263020834,0.1735230974913227,0.41240549087524414,0.7379834651947021,0.38323502242565155,0.20891825452570975,0.14299042522907257,0.5222976803779602,0.4202066461245219,0.3654712287772872,0.0,0.664059042930603,0.335571547349294,0.2912300375223322,0.0,0.5222976803779602,4.3080441157023115,2.4460663373854743,2.547131061553955,7.100993633270264,11.337230682373047,3.975277601171046,8.442604064941406,15.869780540466309,13.326032956441244,4.733226046796253,9.97767448425293,18.741174697875977,0.24949671924114228,6.7807718276977536,0.08607482810815173,0.08607482810815173,0.8894903499736174,-2.472727711995442,False
absolute,3,S30W;T52M;I51F,0.48614298303922016,0.15550975454453708,0.3856295943260193,0.6652642488479614,0.24083255728085837,0.1928376589004616,0.1263504922389984,0.4634723663330078,0.32842106620470685,0.21056556045996788,0.20648255944252014,0.5715608596801758,0.24083255728085837,0.1928376589004616,0.1263504922389984,0.4634723663330078,6.608491579691569,2.2458375700334696,4.018057346343994,8.008705139160156,14.685086886088053,3.6186739038034164,10.512145042419434,16.9578857421875,16.230415026346844,3.6596687575596745,12.020770072937012,18.655147552490234,0.24949671924114228,6.7807718276977536,-0.008664161960283912,0.008664161960283912,-0.08953475276880833,-0.17228024800618424,False
absolute,4,S30W;T52M;I51F;N106F,0.7373835245768229,0.039604771564431,0.7114046812057495,0.7829668521881104,0.534247080485026,0.05005416744594307,0.49817270040512085,0.5913918018341064,0.6556577881177267,0.04396423018868783,0.6272016763687134,0.7062938213348389,0.534247080485026,0.05005416744594307,0.49817270040512085,0.5913918018341064,2.734501679738363,0.45497226191211576,2.224078416824341,3.0974204540252686,8.654180208841959,0.7584492014862974,7.784348487854004,9.177355766296387,9.952733675638834,0.863795612004452,8.982494354248047,10.638152122497559,0.24949671924114228,6.7807718276977536,0.28475036124388375,0.28475036124388375,2.942587328314966,-4.04627014795939,True
absolute,5,S30W;T52M;I51F;N106F;A98Y,0.46471163630485535,0.24967628860747082,0.1781359612941742,0.6352764964103699,0.26972150802612305,0.23596130463888582,0.0,0.43798089027404785,0.3377787272135417,0.29399688228069937,0.0,0.5360503196716309,0.26972150802612305,0.23596130463888582,0.0,0.43798089027404785,8.219745318094889,6.2130385529354015,4.297961711883545,15.383190155029297,15.488629341125488,6.850239398867851,10.976229667663574,23.37105941772461,17.264142672220867,7.2079182726928215,12.527745246887207,25.55931282043457,0.24949671924114228,6.7807718276977536,0.02022478878498077,0.02022478878498077,0.20900134046031643,1.4389734903971352,False
absolute,6,S30W;T52M;I51F;N106F;A98Y;T28Y,0.49689510464668274,0.25754174298547167,0.20241621136665344,0.680042564868927,0.3017130432029565,0.22191761894584133,0.046656083315610886,0.4506165087223053,0.35605015357335407,0.31061044546358096,0.0,0.5714926719665527,0.28616101543108624,0.24874280908756563,0.0,0.4506165087223053,6.294359842936198,3.675074924894195,3.7077507972717285,10.501127243041992,14.240372657775879,5.800231209344444,10.136211395263672,20.876073837280273,16.367048899332683,6.696638859309677,11.747810363769531,24.047138214111328,0.24949671924114228,6.7807718276977536,0.03666429618994396,0.03666429618994396,0.37888588762039066,-0.48641198476155534,False
absolute,7,S30W;T52M;I51F;N106F;A98Y;T28Y;G26S,0.6339629491170248,0.02784273789950736,0.6134383082389832,0.6656559109687805,0.4241896867752075,0.037231909681305436,0.39452213048934937,0.4659695625305176,0.5239635904630026,0.03728220540871119,0.5010426044464111,0.5669825077056885,0.4241896867752075,0.037231909681305436,0.39452213048934937,0.4659695625305176,4.306812445322673,0.26142475332815973,4.0517449378967285,4.574161529541016,11.153504371643066,0.7169344435203839,10.450004577636719,11.883157730102539,12.770248413085938,0.6825896677002155,11.989595413208008,13.254725456237793,0.24949671924114228,6.7807718276977536,0.17469296753406524,0.17469296753406524,1.8052630745258433,-2.4739593823750807,False
increase,1,S30W,0.6665523052215576,0.09137306450655909,0.589434802532196,0.7674705386161804,0.45087626576423645,0.10448343043298391,0.36643296480178833,0.5677222013473511,0.5809161365032196,0.11123631359805253,0.48305508494377136,0.7018947601318359,0.45087626576423645,0.10448343043298391,0.36643296480178833,0.5677222013473511,4.2883031368255615,1.4234850782775612,2.67895770072937,5.382484436035156,10.33673652013143,2.1667810322166496,7.97123384475708,12.225347518920898,12.102582931518555,2.224959795943106,9.592707633972168,13.832747459411621,0.24949671924114228,6.7807718276977536,0.20137954652309417,0.20137954652309417,2.0810400351806373,-2.492468690872192,True
increase,2,S30W;T52M,0.5127874513467153,0.10538623132798916,0.4233388304710388,0.6289643049240112,0.24304039279619852,0.15840563223681264,0.14696529507637024,0.4258723258972168,0.3787195285161336,0.12700975043476317,0.2875725030899048,0.5237950086593628,0.24304039279619852,0.15840563223681264,0.14696529507637024,0.4258723258972168,5.411641597747803,1.1973814458303271,4.123996257781982,6.491582870483398,14.083504358927408,2.4489021927171604,11.271319389343262,15.746177673339844,15.762626965840658,2.8652395120758594,12.477438926696777,17.744709014892578,0.24949671924114228,6.7807718276977536,-0.006456326444943761,0.006456326444943761,-0.06671915814738723,-1.3691302299499508,False
increase,3,S30W;T52M;I51F,0.6200464963912964,0.08460627656936173,0.5698943138122559,0.7177296876907349,0.3998101552327474,0.09049519798046889,0.3291056752204895,0.5017960071563721,0.5247542460759481,0.09311605036396595,0.4661118984222412,0.6321228742599487,0.3998101552327474,0.09049519798046889,0.3291056752204895,0.5017960071563721,4.462089459101359,1.3624885769389612,2.9060046672821045,5.440943241119385,11.372537930806478,1.8109283521367348,9.282502174377441,12.474778175354004,13.00562318166097,1.8879493788365511,10.825660705566406,14.108854293823242,0.24949671924114228,6.7807718276977536,0.1503134359916051,0.1503134359916051,1.5533269566093673,-2.318682368596394,False
increase,4,S30W;T52M;I51F;N106F,0.6840162475903829,0.15412346621484813,0.5065561532974243,0.7843643426895142,0.44995787739753723,0.20136051632038998,0.21980246901512146,0.5936262011528015,0.602180153131485,0.15968295324822912,0.41861316561698914,0.7089974880218506,0.44995787739753723,0.20136051632038998,0.21980246901512146,0.5936262011528015,3.5019781589508057,1.7366627584521483,2.190195083618164,5.471420764923096,9.980611324310303,3.329396725929924,7.72003698348999,13.803895950317383,11.42533270517985,3.5492768071900636,8.845008850097656,15.47299575805664,0.24949671924114228,6.7807718276977536,0.20046115815639495,0.20046115815639495,2.071549483672587,-3.278793668746948,True
increase,5,S30W;T52M;I51F;N106F;A98Y,0.5905474076668421,0.31884651453806134,0.22247447073459625,0.7819889187812805,0.4053524260719617,0.2985350573833498,0.06063685566186905,0.5789600610733032,0.467104176680247,0.40463015537161967,0.0,0.7099206447601318,0.3851401408513387,0.3335434877130043,0.0,0.5789600610733032,4.761260430018107,4.574823289630617,2.0655038356781006,10.043434143066406,12.22833506266276,7.3727375551772925,7.791818618774414,20.73906898498535,13.85950787862142,8.343853969407297,8.962873458862305,23.493722915649414,0.24949671924114228,6.7807718276977536,0.1356434216101964,0.1356434216101964,1.4017282080200404,-2.019511397679646,False
increase,6,S30W;T52M;I51F;N106F;A98Y;T28Y,0.3727895865837733,0.11757999547603111,0.23936177790164948,0.46124792098999023,0.14012842873732248,0.07024980200773082,0.06715522706508636,0.2072943150997162,0.10335638125737508,0.1790185036242333,0.0,0.31006914377212524,0.04864524801572164,0.08425604111001898,0.0,0.14593574404716492,9.287643432617188,2.329638261010986,6.811522483825684,11.43610668182373,17.918109893798828,2.3804268327317177,15.555902481079102,20.316347122192383,19.726038614908855,2.9645251006725726,16.859176635742188,22.7794189453125,0.24949671924114228,6.7807718276977536,-0.20085147122542063,0.20085147122542063,-2.075582947531855,2.506871604919434,True
increase,7,S30W;T52M;I51F;N106F;A98Y;T28Y;G26W,0.49904997150103253,0.10013173077255244,0.38637205958366394,0.5778417587280273,0.24277379115422568,0.11155398963000568,0.11821091175079346,0.33346930146217346,0.3379227916399638,0.1268175381585728,0.19757866859436035,0.44429337978363037,0.24277379115422568,0.11155398963000568,0.11821091175079346,0.33346930146217346,6.33772341410319,1.26945287346604,5.247987270355225,7.731630325317383,14.260557810465494,2.0523259095747943,12.724230766296387,16.591352462768555,15.950123151143393,2.310401182432332,14.273133277893066,18.585485458374023,0.24949671924114228,6.7807718276977536,-0.006722928086916602,0.006722928086916602,-0.06947419807060382,-0.44304841359456315,False
