mutation,position,wt_aa,mut_aa,author_residue,label,sample_idx,bt_ipsae,bt_pae_mean,ipae_min,ipsae_min,iptm,tb_ipsae,tb_pae_mean
G26F,26,G,F,B:26:GLY,G26F,0,0.3872210383415222,12.129197120666504,5.871777534484863,0.3872210383415222,0.602271318435669,0.4943005442619324,13.64224910736084
G26F,26,G,F,B:26:GLY,G26F,1,0.08563810586929321,19.503896713256836,11.52915096282959,0.0,0.2926163077354431,0.0,21.57525062561035
G26F,26,G,F,B:26:GLY,G26F,2,0.16366785764694214,17.676128387451172,10.013571739196777,0.0,0.3973899781703949,0.0,19.935606002807617
G26W,26,G,W,B:26:GLY,G26W,0,0.3783157169818878,12.27084732055664,6.052481174468994,0.3783157169818878,0.5876126289367676,0.48026570677757263,13.914213180541992
G26W,26,G,W,B:26:GLY,G26W,1,0.543921709060669,8.702040672302246,3.266907215118408,0.543921709060669,0.7553521990776062,0.6661295890808105,9.841540336608887
G26W,26,G,W,B:26:GLY,G26W,2,0.5341671109199524,8.993685722351074,3.431236743927002,0.5341671109199524,0.7394911050796509,0.6634050607681274,10.31623363494873
G26Y,26,G,Y,B:26:GLY,G26Y,0,0.17923325300216675,15.627395629882812,8.232625007629395,0.17923325300216675,0.44332820177078247,0.321613609790802,17.724620819091797
G26Y,26,G,Y,B:26:GLY,G26Y,1,0.0,21.868684768676758,12.450037002563477,0.0,0.2005351185798645,0.0,24.51310920715332
G26Y,26,G,Y,B:26:GLY,G26Y,2,0.44826316833496094,11.388179779052734,5.491392135620117,0.44826316833496094,0.6288871169090271,0.5493634939193726,12.784004211425781
G26R,26,G,R,B:26:GLY,G26R,0,0.33231422305107117,13.166281700134277,5.87340784072876,0.33231422305107117,0.5673986673355103,0.466396689414978,14.614102363586426
G26R,26,G,R,B:26:GLY,G26R,1,0.12808549404144287,18.299070358276367,9.641454696655273,0.0,0.34681200981140137,0.0,20.218605041503906
G26R,26,G,R,B:26:GLY,G26R,2,0.4284150302410126,11.375078201293945,4.934542655944824,0.4284150302410126,0.631341278553009,0.5225967168807983,12.740988731384277
G26M,26,G,M,B:26:GLY,G26M,0,0.3667619824409485,12.47242259979248,5.9557204246521,0.3667619824409485,0.5840761661529541,0.48866695165634155,14.06781005859375
G26M,26,G,M,B:26:GLY,G26M,1,0.15633022785186768,15.639120101928711,8.609357833862305,0.15633022785186768,0.45764338970184326,0.28437334299087524,16.986330032348633
G26M,26,G,M,B:26:GLY,G26M,2,0.4451594948768616,11.04968547821045,4.935695171356201,0.4451594948768616,0.6507515907287598,0.5527766346931458,12.337592124938965
G26S,26,G,S,B:26:GLY,G26S,0,0.16770091652870178,19.04105567932129,10.494830131530762,0.0,0.3609120547771454,0.0,20.468040466308594
G26S,26,G,S,B:26:GLY,G26S,1,0.06660362333059311,20.095298767089844,11.05656909942627,0.0,0.24687626957893372,0.0,23.106111526489258
G26S,26,G,S,B:26:GLY,G26S,2,0.0784229263663292,20.251293182373047,11.364472389221191,0.0,0.25068768858909607,0.0,23.32362937927246
G26T,26,G,T,B:26:GLY,G26T,0,0.17030876874923706,14.356563568115234,7.198069095611572,0.17030876874923706,0.5040353536605835,0.4463486671447754,16.261703491210938
G26T,26,G,T,B:26:GLY,G26T,1,0.0,21.75836944580078,12.601785659790039,0.0,0.2099401354789734,0.0,25.16800308227539
G26T,26,G,T,B:26:GLY,G26T,2,0.37734177708625793,12.389472007751465,6.530004978179932,0.37734177708625793,0.5822857618331909,0.5122988224029541,14.431474685668945
G26V,26,G,V,B:26:GLY,G26V,0,0.18132424354553223,19.376441955566406,11.916038513183594,0.0,0.3414019048213959,0.0,21.359806060791016
G26V,26,G,V,B:26:GLY,G26V,1,0.3134025037288666,13.724804878234863,6.3580403327941895,0.3134025037288666,0.5501192808151245,0.4200711250305176,15.056364059448242
G26V,26,G,V,B:26:GLY,G26V,2,0.20879366993904114,15.222823143005371,8.846488952636719,0.20879366993904114,0.4952971935272217,0.46988382935523987,17.479263305664062
R27F,27,R,F,B:27:ARG,R27F,0,0.4642253816127777,10.180368423461914,4.4394755363464355,0.4642253816127777,0.6664217710494995,0.5831185579299927,12.242898941040039
R27F,27,R,F,B:27:ARG,R27F,1,0.17926499247550964,15.131425857543945,7.077536106109619,0.17926499247550964,0.47733837366104126,0.3727989196777344,16.707075119018555
R27F,27,R,F,B:27:ARG,R27F,2,0.4069654941558838,11.752537727355957,5.7836384773254395,0.4069654941558838,0.6026186943054199,0.5058599710464478,12.980642318725586
R27W,27,R,W,B:27:ARG,R27W,0,0.5162429809570312,9.171408653259277,3.616424083709717,0.5162429809570312,0.7233349084854126,0.6465950012207031,10.226655960083008
R27W,27,R,W,B:27:ARG,R27W,1,0.13251236081123352,15.23017692565918,7.377083778381348,0.13251236081123352,0.44225239753723145,0.3073130249977112,17.529325485229492
R27W,27,R,W,B:27:ARG,R27W,2,0.49734556674957275,9.719026565551758,3.7976233959198,0.49734556674957275,0.7000522613525391,0.6073685884475708,11.196355819702148
R27Y,27,R,Y,B:27:ARG,R27Y,0,0.15128093957901,15.646842956542969,8.247502326965332,0.15128093957901,0.44997841119766235,0.30553337931632996,17.09306526184082
R27Y,27,R,Y,B:27:ARG,R27Y,1,0.47103357315063477,10.331514358520508,4.443882942199707,0.47103357315063477,0.6582253575325012,0.5850763916969299,12.107324600219727
R27Y,27,R,Y,B:27:ARG,R27Y,2,0.0,21.9298152923584,12.88064193725586,0.0,0.21683774888515472,0.0,24.73946189880371
R27M,27,R,M,B:27:ARG,R27M,0,0.0,20.079208374023438,12.170509338378906,0.0,0.3029354214668274,0.0,22.329830169677734
R27M,27,R,M,B:27:ARG,R27M,1,0.10816829651594162,17.334489822387695,9.550102233886719,0.0,0.3575640022754669,0.0,19.9483585357666
R27M,27,R,M,B:27:ARG,R27M,2,0.0,22.432605743408203,13.136259078979492,0.0,0.19572040438652039,0.0,24.899953842163086
R27S,27,R,S,B:27:ARG,R27S,0,0.149178147315979,18.950382232666016,11.911709785461426,0.0,0.3520545959472656,0.0,21.026046752929688
R27S,27,R,S,B:27:ARG,R27S,1,0.17137116193771362,15.184420585632324,8.046854972839355,0.17137116193771362,0.4700314998626709,0.40525490045547485,17.31935691833496
R27S,27,R,S,B:27:ARG,R27S,2,0.3887817859649658,12.063116073608398,5.658158302307129,0.3887817859649658,0.5981205701828003,0.49330753087997437,13.772001266479492
R27T,27,R,T,B:27:ARG,R27T,0,0.1091393306851387,17.992204666137695,9.72899055480957,0.0,0.34887802600860596,0.0,19.948755264282227
R27T,27,R,T,B:27:ARG,R27T,1,0.32585859298706055,12.970812797546387,6.546865463256836,0.32585859298706055,0.5655039548873901,0.4600765109062195,14.963570594787598
R27T,27,R,T,B:27:ARG,R27T,2,0.36201292276382446,12.934679985046387,6.224113464355469,0.36201292276382446,0.5723943114280701,0.48276710510253906,13.778822898864746
R27V,27,R,V,B:27:ARG,R27V,0,0.23815831542015076,13.873793601989746,7.5372209548950195,0.23815831542015076,0.5436217784881592,0.4985699951648712,15.92387866973877
R27V,27,R,V,B:27:ARG,R27V,1,0.49361446499824524,9.568175315856934,4.372900009155273,0.49361446499824524,0.7005690336227417,0.6249057650566101,11.173398971557617
R27V,27,R,V,B:27:ARG,R27V,2,0.3612736463546753,12.454879760742188,5.444760799407959,0.3612736463546753,0.5868237018585205,0.4677491784095764,13.928204536437988
T28F,28,T,F,B:28:THR,T28F,0,0.4941168427467346,9.823020935058594,4.0242462158203125,0.4941168427467346,0.7009286284446716,0.6265378594398499,11.140913963317871
T28F,28,T,F,B:28:THR,T28F,1,0.4915882349014282,10.003182411193848,4.167312145233154,0.4915882349014282,0.6888413429260254,0.6090172529220581,11.278626441955566
T28F,28,T,F,B:28:THR,T28F,2,0.15248236060142517,15.847991943359375,7.555420875549316,0.15248236060142517,0.4376607835292816,0.32488080859184265,17.729232788085938
T28W,28,T,W,B:28:THR,T28W,0,0.13640651106834412,17.516218185424805,8.671124458312988,0.0,0.382358193397522,0.0,19.271299362182617
T28W,28,T,W,B:28:THR,T28W,1,0.452518105506897,10.93283462524414,4.537457466125488,0.452518105506897,0.6449860334396362,0.5652365684509277,12.630423545837402
T28W,28,T,W,B:28:THR,T28W,2,0.08878035843372345,19.048828125,10.076414108276367,0.0,0.29771947860717773,0.0,20.935890197753906
T28Y,28,T,Y,B:28:THR,T28Y,0,0.5840375423431396,8.019512176513672,2.9892404079437256,0.5840375423431396,0.7472994923591614,0.689034104347229,9.685378074645996
T28Y,28,T,Y,B:28:THR,T28Y,1,0.44354045391082764,10.569604873657227,4.435547351837158,0.44354045391082764,0.64955073595047,0.5752211809158325,12.689725875854492
T28Y,28,T,Y,B:28:THR,T28Y,2,0.4786298871040344,10.078042030334473,3.531787157058716,0.4786298871040344,0.6700445413589478,0.5942094922065735,11.570074081420898
T28R,28,T,R,B:28:THR,T28R,0,0.3071887195110321,12.693338394165039,6.252400875091553,0.3071887195110321,0.5623584985733032,0.4795228838920593,14.600125312805176
T28R,28,T,R,B:28:THR,T28R,1,0.2883663475513458,13.579421997070312,6.8309855461120605,0.2883663475513458,0.5517781376838684,0.45153743028640747,15.114992141723633
T28R,28,T,R,B:28:THR,T28R,2,0.2364039123058319,13.935976028442383,7.042889595031738,0.2364039123058319,0.543474555015564,0.45484015345573425,15.527624130249023
T28M,28,T,M,B:28:THR,T28M,0,0.0,21.19478988647461,13.599456787109375,0.0,0.272485613822937,0.0,23.358413696289062
T28M,28,T,M,B:28:THR,T28M,1,0.47391363978385925,10.454471588134766,4.569006443023682,0.47391363978385925,0.6523882746696472,0.5810893177986145,12.196842193603516
T28M,28,T,M,B:28:THR,T28M,2,0.18297797441482544,14.593338966369629,7.190826892852783,0.18297797441482544,0.5063794255256653,0.40401241183280945,16.07689666748047
T28S,28,T,S,B:28:THR,T28S,0,0.18726137280464172,15.470304489135742,8.695377349853516,0.0,0.4754856824874878,0.0,17.798938751220703
T28S,28,T,S,B:28:THR,T28S,1,0.41053110361099243,11.362770080566406,5.260426044464111,0.41053110361099243,0.6196826696395874,0.5472421646118164,13.290122985839844
T28S,28,T,S,B:28:THR,T28S,2,0.20389485359191895,13.98688793182373,6.568150043487549,0.20389485359191895,0.5098329186439514,0.4607413411140442,16.370771408081055
T28V,28,T,V,B:28:THR,T28V,0,0.3994081914424896,12.027839660644531,5.251551628112793,0.3994081914424896,0.6192591190338135,0.5109786987304688,13.635079383850098
T28V,28,T,V,B:28:THR,T28V,1,0.19493047893047333,14.531025886535645,8.218618392944336,0.19493047893047333,0.5072176456451416,0.4949929118156433,16.549631118774414
T28V,28,T,V,B:28:THR,T28V,2,0.23215030133724213,14.120905876159668,6.44681978225708,0.23215030133724213,0.5313823819160461,0.45150208473205566,15.504016876220703
S29F,29,S,F,B:29:SER,S29F,0,0.0,20.622323989868164,12.397599220275879,0.0,0.28429460525512695,0.0,22.642343521118164
S29F,29,S,F,B:29:SER,S29F,1,0.32536351680755615,13.904184341430664,7.036376476287842,0.32536351680755615,0.5692269802093506,0.44338634610176086,15.12158489227295
S29F,29,S,F,B:29:SER,S29F,2,0.3917674422264099,12.98452377319336,7.076593399047852,0.3917674422264099,0.5934135913848877,0.47092148661613464,14.55954360961914
S29W,29,S,W,B:29:SER,S29W,0,0.11796435713768005,18.088794708251953,8.953252792358398,0.0,0.34215039014816284,0.0,20.31459617614746
S29W,29,S,W,B:29:SER,S29W,1,0.18333443999290466,16.16031265258789,9.082091331481934,0.0,0.46341246366500854,0.0,18.477436065673828
S29W,29,S,W,B:29:SER,S29W,2,0.1481572985649109,17.548084259033203,8.5863618850708,0.0,0.38611575961112976,0.0,19.330148696899414
S29Y,29,S,Y,B:29:SER,S29Y,0,0.19718454778194427,16.865474700927734,9.094465255737305,0.19718454778194427,0.39988213777542114,0.19726529717445374,18.67290687561035
S29Y,29,S,Y,B:29:SER,S29Y,1,0.3537389636039734,12.609936714172363,6.086226940155029,0.3537389636039734,0.5686790347099304,0.4822499752044678,14.290694236755371
S29Y,29,S,Y,B:29:SER,S29Y,2,0.4034869074821472,11.639561653137207,5.392053127288818,0.4034869074821472,0.5968650579452515,0.49937719106674194,13.072317123413086
S29R,29,S,R,B:29:SER,S29R,0,0.3564242720603943,12.588141441345215,6.43076229095459,0.3564242720603943,0.5855294466018677,0.4662286341190338,13.765430450439453
S29R,29,S,R,B:29:SER,S29R,1,0.6209046244621277,7.263401031494141,2.357314348220825,0.6209046244621277,0.7922190427780151,0.73558109998703,8.725579261779785
S29R,29,S,R,B:29:SER,S29R,2,0.42000043392181396,11.653823852539062,5.610070705413818,0.42000043392181396,0.6241602897644043,0.5370100736618042,13.174699783325195
S29M,29,S,M,B:29:SER,S29M,0,0.5102580785751343,9.95130443572998,3.9531025886535645,0.5102580785751343,0.6817214488983154,0.6169120669364929,11.549749374389648
S29M,29,S,M,B:29:SER,S29M,1,0.5285643339157104,8.22231674194336,2.8478872776031494,0.5285643339157104,0.765343189239502,0.6955394148826599,9.870576858520508
S29M,29,S,M,B:29:SER,S29M,2,0.13771405816078186,17.410682678222656,9.290909767150879,0.0,0.385707825422287,0.0,19.566574096679688
S29T,29,S,T,B:29:SER,S29T,0,0.40479862689971924,12.724706649780273,7.0538330078125,0.40479862689971924,0.6138613224029541,0.484199583530426,14.346848487854004
S29T,29,S,T,B:29:SER,S29T,1,0.5179283618927002,9.62454891204834,4.406213283538818,0.5179283618927002,0.704846978187561,0.6397993564605713,11.326431274414062
S29T,29,S,T,B:29:SER,S29T,2,0.18623307347297668,14.997459411621094,7.55830192565918,0.18623307347297668,0.4840831756591797,0.4188944101333618,16.983434677124023
S29V,29,S,V,B:29:SER,S29V,0,0.5026385188102722,10.024216651916504,4.184192180633545,0.5026385188102722,0.6884521245956421,0.615628719329834,11.493511199951172
S29V,29,S,V,B:29:SER,S29V,1,0.19039936363697052,14.867976188659668,7.216253757476807,0.19039936363697052,0.4813457727432251,0.43320703506469727,16.915327072143555
S29V,29,S,V,B:29:SER,S29V,2,0.1834203153848648,16.29431915283203,9.586977005004883,0.0,0.43922120332717896,0.0,18.42574119567871
S30F,30,S,F,B:30:SER,S30F,0,0.4891911745071411,10.129327774047852,3.9250218868255615,0.4891911745071411,0.6864759922027588,0.6021870374679565,11.169384956359863
S30F,30,S,F,B:30:SER,S30F,1,0.06681766360998154,20.28484535217285,10.65997314453125,0.0,0.23410794138908386,0.0,23.044326782226562
S30F,30,S,F,B:30:SER,S30F,2,0.4781455993652344,10.3638334274292,4.546696186065674,0.4781455993652344,0.668975830078125,0.5921941995620728,12.065506935119629
S30W,30,S,W,B:30:SER,S30W,0,0.5035158395767212,9.929598808288574,4.02069091796875,0.5035158395767212,0.6816076040267944,0.6034463047981262,11.264238357543945
S30W,30,S,W,B:30:SER,S30W,1,0.540656566619873,8.439855575561523,3.0718774795532227,0.540656566619873,0.7491641044616699,0.6755590438842773,9.984509468078613
S30W,30,S,W,B:30:SER,S30W,2,0.6484272480010986,6.688540935516357,2.0650429725646973,0.6484272480010986,0.8203063011169434,0.7589342594146729,8.022589683532715
S30Y,30,S,Y,B:30:SER,S30Y,0,0.575309157371521,8.502635955810547,3.3914167881011963,0.575309157371521,0.7592727541923523,0.6916148662567139,9.566120147705078
S30Y,30,S,Y,B:30:SER,S30Y,1,0.42684268951416016,11.646282196044922,5.367371559143066,0.42684268951416016,0.619910717010498,0.5279050469398499,12.984355926513672
S30Y,30,S,Y,B:30:SER,S30Y,2,0.0,21.7216854095459,12.25818920135498,0.0,0.19667008519172668,0.0,24.4686279296875
S30R,30,S,R,B:30:SER,S30R,0,0.0,20.599239349365234,12.617412567138672,0.0,0.2570684552192688,0.0,22.65041160583496
S30R,30,S,R,B:30:SER,S30R,1,0.4098680019378662,11.646993637084961,5.601649761199951,0.4098680019378662,0.6225178241729736,0.521233320236206,12.73647403717041
S30R,30,S,R,B:30:SER,S30R,2,0.0,19.57668685913086,12.649078369140625,0.0,0.33196115493774414,0.0,21.40400505065918
S30M,30,S,M,B:30:SER,S30M,0,0.42996543645858765,11.471543312072754,5.369515895843506,0.42996543645858765,0.631634533405304,0.5413577556610107,13.038118362426758
S30M,30,S,M,B:30:SER,S30M,1,0.0,21.527389526367188,12.942184448242188,0.0,0.20516516268253326,0.0,24.119129180908203
S30M,30,S,M,B:30:SER,S30M,2,0.17378166317939758,14.815359115600586,8.021075248718262,0.17378166317939758,0.4878535568714142,0.35891106724739075,16.612796783447266
S30T,30,S,T,B:30:SER,S30T,0,0.1744629591703415,14.65414810180664,7.297098159790039,0.1744629591703415,0.49580836296081543,0.42012766003608704,16.70919418334961
S30T,30,S,T,B:30:SER,S30T,1,0.1178804486989975,18.667089462280273,10.34116268157959,0.0,0.3284287750720978,0.0,20.935344696044922
S30T,30,S,T,B:30:SER,S30T,2,0.07356327772140503,20.588199615478516,11.74902629852295,0.0,0.25011131167411804,0.0,22.93614387512207
S30V,30,S,V,B:30:SER,S30V,0,0.5279248952865601,8.887822151184082,2.9827616214752197,0.5279248952865601,0.7385662794113159,0.6620678901672363,10.048394203186035
S30V,30,S,V,B:30:SER,S30V,1,0.44731223583221436,11.027381896972656,5.050377368927002,0.44731223583221436,0.6561610698699951,0.5602428913116455,12.315129280090332
S30V,30,S,V,B:30:SER,S30V,2,0.0,21.197736740112305,13.481483459472656,0.0,0.25217077136039734,0.0,23.566631317138672
V31F,31,V,F,B:31:VAL,V31F,0,0.4688814878463745,10.641214370727539,4.383106231689453,0.4688814878463745,0.6658607125282288,0.5796757936477661,12.10834789276123
V31F,31,V,F,B:31:VAL,V31F,1,0.4217780530452728,11.544300079345703,5.031350135803223,0.4217780530452728,0.6213636994361877,0.5144126415252686,13.452354431152344
V31F,31,V,F,B:31:VAL,V31F,2,0.3915143609046936,11.538721084594727,5.002922058105469,0.3915143609046936,0.613408625125885,0.5218594074249268,13.343037605285645
V31W,31,V,W,B:31:VAL,V31W,0,0.3359473645687103,12.371158599853516,5.490047931671143,0.3359473645687103,0.5661194324493408,0.5087899565696716,14.596704483032227
V31W,31,V,W,B:31:VAL,V31W,1,0.35631442070007324,12.153620719909668,5.344992160797119,0.35631442070007324,0.595096230506897,0.4865444600582123,14.344473838806152
V31W,31,V,W,B:31:VAL,V31W,2,0.4838809669017792,10.026344299316406,4.024308681488037,0.4838809669017792,0.6787940263748169,0.5934626460075378,11.744559288024902
V31Y,31,V,Y,B:31:VAL,V31Y,0,0.38475877046585083,11.985011100769043,5.10589599609375,0.38475877046585083,0.6031665802001953,0.4921846389770508,13.513835906982422
V31Y,31,V,Y,B:31:VAL,V31Y,1,0.16353720426559448,17.83220100402832,11.225842475891113,0.0,0.3993377685546875,0.0,20.262876510620117
V31Y,31,V,Y,B:31:VAL,V31Y,2,0.5527515411376953,8.903600692749023,3.3345816135406494,0.5527515411376953,0.7351657748222351,0.6630489826202393,10.226815223693848
V31R,31,V,R,B:31:VAL,V31R,0,0.10035921633243561,19.145092010498047,10.97482681274414,0.0,0.30846354365348816,0.0,22.705074310302734
V31R,31,V,R,B:31:VAL,V31R,1,0.15388065576553345,16.212270736694336,9.03504467010498,0.0,0.42987656593322754,0.0,18.888887405395508
V31R,31,V,R,B:31:VAL,V31R,2,0.4761123061180115,11.501307487487793,5.124743461608887,0.4761123061180115,0.6485685706138611,0.5512646436691284,12.423293113708496
V31M,31,V,M,B:31:VAL,V31M,0,0.15228480100631714,16.666122436523438,8.645580291748047,0.15228480100631714,0.41213929653167725,0.19477693736553192,18.273147583007812
V31M,31,V,M,B:31:VAL,V31M,1,0.44599106907844543,11.246984481811523,4.948231220245361,0.44599106907844543,0.6475566029548645,0.5536475777626038,12.73136043548584
V31M,31,V,M,B:31:VAL,V31M,2,0.0998256504535675,19.89995002746582,11.242426872253418,0.0,0.2898015081882477,0.0,21.903886795043945
V31S,31,V,S,B:31:VAL,V31S,0,0.0,20.0672607421875,12.407915115356445,0.0,0.2893482446670532,0.0,22.662349700927734
V31S,31,V,S,B:31:VAL,V31S,1,0.0,22.882169723510742,14.528804779052734,0.0,0.1617562621831894,0.0,25.992639541625977
V31S,31,V,S,B:31:VAL,V31S,2,0.0,21.016773223876953,12.689702033996582,0.0,0.22499047219753265,0.0,24.017292022705078
V31T,31,V,T,B:31:VAL,V31T,0,0.4273952841758728,11.013569831848145,5.147013187408447,0.4273952841758728,0.6435199975967407,0.5620750188827515,12.862360000610352
V31T,31,V,T,B:31:VAL,V31T,1,0.1582416146993637,16.5734806060791,9.114480018615723,0.0,0.40018564462661743,0.0,18.835294723510742
V31T,31,V,T,B:31:VAL,V31T,2,0.17463263869285583,14.915926933288574,7.817286014556885,0.17463263869285583,0.47208210825920105,0.42463943362236023,16.596899032592773
Y32F,32,Y,F,B:32:TYR,Y32F,0,0.17400167882442474,15.747848510742188,9.17685317993164,0.17400167882442474,0.4781489074230194,0.3261740207672119,17.305519104003906
Y32F,32,Y,F,B:32:TYR,Y32F,1,0.1587868332862854,16.560169219970703,9.61630630493164,0.0,0.435403436422348,0.0,18.58802032470703
Y32F,32,Y,F,B:32:TYR,Y32F,2,0.31196966767311096,13.213468551635742,6.726681709289551,0.31196966767311096,0.5653113126754761,0.47769683599472046,14.968365669250488
Y32W,32,Y,W,B:32:TYR,Y32W,0,0.4039621949195862,11.583562850952148,4.7936224937438965,0.4039621949195862,0.6299678683280945,0.5241362452507019,12.886530876159668
Y32W,32,Y,W,B:32:TYR,Y32W,1,0.5390007495880127,8.901129722595215,3.444859027862549,0.5390007495880127,0.7459378242492676,0.6742110252380371,9.975921630859375
Y32W,32,Y,W,B:32:TYR,Y32W,2,0.3609708547592163,11.957695007324219,5.4683098793029785,0.3609708547592163,0.5782008767127991,0.4820674955844879,13.547173500061035
Y32R,32,Y,R,B:32:TYR,Y32R,0,0.09492848813533783,20.115751266479492,11.684090614318848,0.0,0.27612555027008057,0.0,22.709169387817383
Y32R,32,Y,R,B:32:TYR,Y32R,1,0.4107028543949127,11.566366195678711,4.941427230834961,0.4107028543949127,0.6370226144790649,0.5197978019714355,12.360148429870605
Y32R,32,Y,R,B:32:TYR,Y32R,2,0.14475113153457642,18.99398422241211,11.393206596374512,0.0,0.3432820439338684,0.0,20.55706024169922
Y32M,32,Y,M,B:32:TYR,Y32M,0,0.3137032985687256,13.677124977111816,7.229107856750488,0.3137032985687256,0.5563047528266907,0.4666297137737274,15.471089363098145
Y32M,32,Y,M,B:32:TYR,Y32M,1,0.0,22.95874786376953,14.8568696975708,0.0,0.15057088434696198,0.0,25.876739501953125
Y32M,32,Y,M,B:32:TYR,Y32M,2,0.4686148166656494,10.66375732421875,4.818405628204346,0.4686148166656494,0.6542443633079529,0.5745034217834473,12.12402057647705
Y32S,32,Y,S,B:32:TYR,Y32S,0,0.1867230385541916,16.04970359802246,8.972314834594727,0.1867230385541916,0.4727795720100403,0.35905423760414124,17.67008399963379
Y32S,32,Y,S,B:32:TYR,Y32S,1,0.18453674018383026,16.160507202148438,9.133938789367676,0.18453674018383026,0.47156792879104614,0.24796250462532043,17.807125091552734
Y32S,32,Y,S,B:32:TYR,Y32S,2,0.0,21.045745849609375,12.526684761047363,0.0,0.2607758641242981,0.0,22.804096221923828
Y32T,32,Y,T,B:32:TYR,Y32T,0,0.0,19.395565032958984,13.23499870300293,0.0,0.3476372957229614,0.0,20.36966323852539
Y32T,32,Y,T,B:32:TYR,Y32T,1,0.16999827325344086,18.80916404724121,11.572150230407715,0.0,0.35451555252075195,0.0,20.760974884033203
Y32T,32,Y,T,B:32:TYR,Y32T,2,0.09993183612823486,19.399765014648438,11.28043270111084,0.0,0.31309425830841064,0.0,21.498510360717773
Y32V,32,Y,V,B:32:TYR,Y32V,0,0.13190540671348572,18.041635513305664,9.501931190490723,0.0,0.35954058170318604,0.0,19.391380310058594
Y32V,32,Y,V,B:32:TYR,Y32V,1,0.5656155347824097,7.833848476409912,2.22295880317688,0.5656155347824097,0.793997049331665,0.7177246809005737,8.977375984191895
Y32V,32,Y,V,B:32:TYR,Y32V,2,0.1471908688545227,18.448524475097656,11.6885347366333,0.0,0.3711923360824585,0.0,20.39784049987793
N33F,33,N,F,B:33:ASN,N33F,0,0.17104920744895935,15.288736343383789,7.731051445007324,0.17104920744895935,0.46856996417045593,0.347112774848938,16.935232162475586
N33F,33,N,F,B:33:ASN,N33F,1,0.24907353520393372,13.754883766174316,6.651360511779785,0.24907353520393372,0.5225457549095154,0.4341284930706024,15.433382034301758
N33F,33,N,F,B:33:ASN,N33F,2,0.4996054470539093,9.776437759399414,3.503441333770752,0.4996054470539093,0.7322947382926941,0.6400870084762573,10.95227336883545
N33W,33,N,W,B:33:ASN,N33W,0,0.4708438217639923,10.248753547668457,4.089188098907471,0.4708438217639923,0.6883726716041565,0.5896177887916565,11.276926040649414
N33W,33,N,W,B:33:ASN,N33W,1,0.30642515420913696,13.726996421813965,7.095934867858887,0.30642515420913696,0.5652705430984497,0.44526103138923645,15.015068054199219
N33W,33,N,W,B:33:ASN,N33W,2,0.12469574809074402,17.666805267333984,8.744526863098145,0.0,0.38646388053894043,0.0,19.581974029541016
N33Y,33,N,Y,B:33:ASN,N33Y,0,0.31617745757102966,12.539327621459961,5.526584625244141,0.31617745757102966,0.5685806274414062,0.471056193113327,14.622034072875977
N33Y,33,N,Y,B:33:ASN,N33Y,1,0.05010712891817093,21.472423553466797,11.00406551361084,0.0,0.1967988908290863,0.0,24.636960983276367
N33Y,33,N,Y,B:33:ASN,N33Y,2,0.1580290049314499,15.889394760131836,8.190817832946777,0.1580290049314499,0.43173402547836304,0.2683829665184021,17.70452308654785
N33R,33,N,R,B:33:ASN,N33R,0,0.1112125888466835,18.570209503173828,8.981149673461914,0.0,0.32167911529541016,0.0,21.361982345581055
N33R,33,N,R,B:33:ASN,N33R,1,0.13847991824150085,17.676118850708008,8.603117942810059,0.0,0.37958788871765137,0.0,19.419206619262695
N33R,33,N,R,B:33:ASN,N33R,2,0.4212787449359894,11.118938446044922,4.727917194366455,0.4212787449359894,0.6546757221221924,0.5641589164733887,12.409591674804688
N33M,33,N,M,B:33:ASN,N33M,0,0.3636777400970459,13.851951599121094,6.655035018920898,0.3636777400970459,0.5690905451774597,0.4491260051727295,14.36759090423584
N33M,33,N,M,B:33:ASN,N33M,1,0.15754686295986176,16.33358383178711,8.95323657989502,0.15754686295986176,0.4652271866798401,0.31815409660339355,17.898046493530273
N33M,33,N,M,B:33:ASN,N33M,2,0.1756303906440735,14.607248306274414,6.657431125640869,0.1756303906440735,0.49281689524650574,0.39993688464164734,16.017894744873047
N33S,33,N,S,B:33:ASN,N33S,0,0.16676175594329834,14.868278503417969,7.0484724044799805,0.16676175594329834,0.49997955560684204,0.40275105834007263,16.311416625976562
N33S,33,N,S,B:33:ASN,N33S,1,0.35563361644744873,12.412278175354004,5.615406036376953,0.35563361644744873,0.5871033668518066,0.47407984733581543,14.296175956726074
N33S,33,N,S,B:33:ASN,N33S,2,0.3606456220149994,12.538939476013184,5.908702850341797,0.3606456220149994,0.5762375593185425,0.48284077644348145,14.138664245605469
N33T,33,N,T,B:33:ASN,N33T,0,0.08437495678663254,20.37883186340332,11.213384628295898,0.0,0.26012933254241943,0.0,22.864187240600586
N33T,33,N,T,B:33:ASN,N33T,1,0.23472541570663452,13.586536407470703,6.427985191345215,0.23472541570663452,0.5277082324028015,0.439798504114151,15.439350128173828
N33T,33,N,T,B:33:ASN,N33T,2,0.5154201984405518,9.505472183227539,2.4984395503997803,0.5154201984405518,0.7319360971450806,0.6379865407943726,10.675652503967285
N33V,33,N,V,B:33:ASN,N33V,0,0.14488738775253296,18.353229522705078,11.146618843078613,0.0,0.35370108485221863,0.0,20.618160247802734
N33V,33,N,V,B:33:ASN,N33V,1,0.0893009603023529,19.557628631591797,11.752697944641113,0.0,0.30507397651672363,0.0,22.00242805480957
N33V,33,N,V,B:33:ASN,N33V,2,0.13916294276714325,16.87660789489746,8.868696212768555,0.0,0.39612752199172974,0.0,19.1179256439209
I51F,51,I,F,B:51:ILE,I51F,0,0.455740749835968,10.41157341003418,3.911686897277832,0.455740749835968,0.6858741044998169,0.5860850214958191,11.573064804077148
I51F,51,I,F,B:51:ILE,I51F,1,0.6254156231880188,7.22799015045166,1.9361512660980225,0.6254156231880188,0.813385009765625,0.7375234365463257,8.24405288696289
I51F,51,I,F,B:51:ILE,I51F,2,0.4607082009315491,10.30183219909668,4.004977703094482,0.4607082009315491,0.705599308013916,0.6115033030509949,11.557896614074707
I51W,51,I,W,B:51:ILE,I51W,0,0.1534537523984909,14.517782211303711,6.411416530609131,0.1534537523984909,0.4876156449317932,0.39072632789611816,16.224567413330078
I51W,51,I,W,B:51:ILE,I51W,1,0.0,23.27895164489746,13.573067665100098,0.0,0.15359902381896973,0.0,27.18215560913086
I51W,51,I,W,B:51:ILE,I51W,2,0.39472872018814087,11.863485336303711,4.703796863555908,0.39472872018814087,0.6096960306167603,0.4975414276123047,13.455428123474121
I51Y,51,I,Y,B:51:ILE,I51Y,0,0.14140358567237854,16.874616622924805,8.445442199707031,0.14140358567237854,0.3891097903251648,0.19023723900318146,18.521133422851562
I51Y,51,I,Y,B:51:ILE,I51Y,1,0.3872239589691162,12.678712844848633,5.624298095703125,0.3872239589691162,0.583495020866394,0.46166813373565674,13.800963401794434
I51Y,51,I,Y,B:51:ILE,I51Y,2,0.49990642070770264,9.62366771697998,2.80841326713562,0.49990642070770264,0.7032176852226257,0.625230073928833,10.823519706726074
I51R,51,I,R,B:51:ILE,I51R,0,0.5027315616607666,9.10024642944336,3.27669095993042,0.5027315616607666,0.7330893278121948,0.6477985382080078,10.496152877807617
I51R,51,I,R,B:51:ILE,I51R,1,0.40297073125839233,12.141016006469727,5.163496971130371,0.40297073125839233,0.6025515794754028,0.4895209074020386,13.451992988586426
I51R,51,I,R,B:51:ILE,I51R,2,0.164589986205101,15.19654369354248,7.523010730743408,0.164589986205101,0.4792400896549225,0.3966957628726959,16.928255081176758
I51M,51,I,M,B:51:ILE,I51M,0,0.4630177617073059,10.979660034179688,4.925370693206787,0.4630177617073059,0.6428893208503723,0.5654342770576477,12.377764701843262
I51M,51,I,M,B:51:ILE,I51M,1,0.09773329645395279,19.056140899658203,10.31564712524414,0.0,0.30865466594696045,0.0,20.568172454833984
I51M,51,I,M,B:51:ILE,I51M,2,0.181065171957016,17.04770851135254,10.266045570373535,0.0,0.4297753572463989,0.0,18.497671127319336
I51S,51,I,S,B:51:ILE,I51S,0,0.11134885251522064,19.037351608276367,9.991632461547852,0.0,0.3061586022377014,0.0,21.28048324584961
I51S,51,I,S,B:51:ILE,I51S,1,0.2873164415359497,13.303503036499023,7.445060729980469,0.2873164415359497,0.5697242617607117,0.4922930598258972,15.138078689575195
I51S,51,I,S,B:51:ILE,I51S,2,0.40244725346565247,12.063817024230957,5.246306419372559,0.40244725346565247,0.6061266660690308,0.5080691576004028,13.493118286132812
I51T,51,I,T,B:51:ILE,I51T,0,0.0,20.377853393554688,13.215113639831543,0.0,0.2939492464065552,0.0,22.530887603759766
I51T,51,I,T,B:51:ILE,I51T,1,0.13701006770133972,17.270761489868164,9.213582038879395,0.0,0.39369359612464905,0.0,19.365829467773438
I51T,51,I,T,B:51:ILE,I51T,2,0.15473008155822754,19.119279861450195,11.601057052612305,0.0,0.3432981073856354,0.0,21.13426399230957
I51V,51,I,V,B:51:ILE,I51V,0,0.09788277745246887,20.15334129333496,11.522101402282715,0.0,0.2698853611946106,0.0,22.698381423950195
I51V,51,I,V,B:51:ILE,I51V,1,0.4819369614124298,11.013907432556152,5.8643317222595215,0.4819369614124298,0.6541692018508911,0.5754914283752441,13.009279251098633
I51V,51,I,V,B:51:ILE,I51V,2,0.5344173312187195,9.167848587036133,3.9944517612457275,0.5344173312187195,0.7380139827728271,0.6686530113220215,10.68735122680664
T52F,52,T,F,B:52:THR,T52F,0,0.2806755602359772,13.651715278625488,6.029131889343262,0.2806755602359772,0.5361632108688354,0.4284495711326599,15.032763481140137
T52F,52,T,F,B:52:THR,T52F,1,0.2959393262863159,13.310298919677734,5.81373405456543,0.2959393262863159,0.5471330285072327,0.40410274267196655,14.793375968933105
T52F,52,T,F,B:52:THR,T52F,2,0.5069746971130371,9.14534854888916,3.004864454269409,0.5069746971130371,0.715207576751709,0.6366415023803711,10.569870948791504
T52W,52,T,W,B:52:THR,T52W,0,0.17768770456314087,14.51265811920166,6.373707294464111,0.17768770456314087,0.4860948920249939,0.3861239552497864,15.815403938293457
T52W,52,T,W,B:52:THR,T52W,1,0.32419854402542114,13.013185501098633,5.043905258178711,0.32419854402542114,0.5636428594589233,0.4619660973548889,14.63157844543457
T52W,52,T,W,B:52:THR,T52W,2,0.5207134485244751,8.979925155639648,3.2578957080841064,0.5207134485244751,0.7381144762039185,0.6545019149780273,9.95063304901123
T52Y,52,T,Y,B:52:THR,T52Y,0,0.059519968926906586,20.651752471923828,10.737910270690918,0.0,0.2205190658569336,0.0,23.599828720092773
T52Y,52,T,Y,B:52:THR,T52Y,1,0.05389295518398285,21.39212989807129,11.360445022583008,0.0,0.2012660950422287,0.0,24.39330291748047
T52Y,52,T,Y,B:52:THR,T52Y,2,0.09342615306377411,19.02830696105957,9.248276710510254,0.0,0.2940368056297302,0.0,21.40291404724121
T52R,52,T,R,B:52:THR,T52R,0,0.17582190036773682,14.486783981323242,7.420181751251221,0.17582190036773682,0.5048513412475586,0.4105234146118164,15.898828506469727
T52R,52,T,R,B:52:THR,T52R,1,0.5179408192634583,10.136482238769531,4.3196258544921875,0.5179408192634583,0.6955133676528931,0.610485315322876,11.174686431884766
T52R,52,T,R,B:52:THR,T52R,2,0.22820723056793213,13.764603614807129,6.95458459854126,0.22820723056793213,0.5249093174934387,0.4449077248573303,15.398398399353027
T52M,52,T,M,B:52:THR,T52M,0,0.5311406254768372,8.748920440673828,3.254398822784424,0.5311406254768372,0.7400683760643005,0.6599606275558472,10.117310523986816
T52M,52,T,M,B:52:THR,T52M,1,0.5703479051589966,8.490285873413086,3.0288875102996826,0.5703479051589966,0.7447191476821899,0.6738001108169556,9.721857070922852
T52M,52,T,M,B:52:THR,T52M,2,0.4631820321083069,10.755180358886719,4.37562894821167,0.4631820321083069,0.6556612253189087,0.5496882200241089,11.946686744689941
T52S,52,T,S,B:52:THR,T52S,0,0.4688486158847809,10.446526527404785,4.4376678466796875,0.4688486158847809,0.6794379949569702,0.5914177894592285,11.880985260009766
T52S,52,T,S,B:52:THR,T52S,1,0.44698667526245117,11.004851341247559,4.639677047729492,0.44698667526245117,0.6369180679321289,0.5437781810760498,12.586895942687988
T52S,52,T,S,B:52:THR,T52S,2,0.17921337485313416,18.267913818359375,10.209596633911133,0.0,0.3916410803794861,0.0,19.449970245361328
T52V,52,T,V,B:52:THR,T52V,0,0.10326886922121048,18.60235023498535,9.353668212890625,0.0,0.3086930513381958,0.0,20.542736053466797
T52V,52,T,V,B:52:THR,T52V,1,0.05462195351719856,21.68305015563965,11.596305847167969,0.0,0.19701999425888062,0.0,24.347854614257812
T52V,52,T,V,B:52:THR,T52V,2,0.5084527730941772,9.35550308227539,3.148435354232788,0.5084527730941772,0.7236026525497437,0.6427273750305176,10.53997802734375
G53F,53,G,F,B:53:GLY,G53F,0,0.4868415296077728,9.651084899902344,3.562765121459961,0.4868415296077728,0.7148213386535645,0.6222666501998901,10.82717514038086
G53F,53,G,F,B:53:GLY,G53F,1,0.2253604233264923,14.504327774047852,7.1204609870910645,0.2253604233264923,0.5150502920150757,0.3815726339817047,15.233964920043945
G53F,53,G,F,B:53:GLY,G53F,2,0.4725736379623413,10.450835227966309,4.454820156097412,0.4725736379623413,0.6651468276977539,0.5881673097610474,11.86201000213623
G53W,53,G,W,B:53:GLY,G53W,0,0.0,22.325153350830078,14.40534782409668,0.0,0.21991777420043945,0.0,25.14531898498535
G53W,53,G,W,B:53:GLY,G53W,1,0.404112845659256,11.877506256103516,4.506210803985596,0.404112845659256,0.6089227199554443,0.4881970286369324,12.806979179382324
G53W,53,G,W,B:53:GLY,G53W,2,0.2664266526699066,13.499448776245117,5.904382228851318,0.2664266526699066,0.5209125280380249,0.42607182264328003,14.590778350830078
G53Y,53,G,Y,B:53:GLY,G53Y,0,0.18079020082950592,14.573105812072754,7.347408771514893,0.18079020082950592,0.5074061155319214,0.39708441495895386,15.986794471740723
G53Y,53,G,Y,B:53:GLY,G53Y,1,0.0,22.34621810913086,15.054593086242676,0.0,0.22895695269107819,0.0,24.685537338256836
G53Y,53,G,Y,B:53:GLY,G53Y,2,0.529706597328186,10.027322769165039,3.454946756362915,0.529706597328186,0.7378294467926025,0.6325433850288391,10.648028373718262
G53R,53,G,R,B:53:GLY,G53R,0,0.10628517717123032,19.041812896728516,9.919076919555664,0.0,0.31397390365600586,0.0,21.32158088684082
G53R,53,G,R,B:53:GLY,G53R,1,0.0,22.288259506225586,15.177988052368164,0.0,0.23272494971752167,0.0,24.85841941833496
G53R,53,G,R,B:53:GLY,G53R,2,0.1362875998020172,16.860885620117188,8.650537490844727,0.1362875998020172,0.4259519577026367,0.2472260594367981,18.219453811645508
G53M,53,G,M,B:53:GLY,G53M,0,0.4850894808769226,10.654807090759277,4.64701509475708,0.4850894808769226,0.6737693548202515,0.5902636051177979,11.755280494689941
G53M,53,G,M,B:53:GLY,G53M,1,0.36095714569091797,12.780534744262695,6.088586330413818,0.36095714569091797,0.5886524319648743,0.45475128293037415,13.787165641784668
G53M,53,G,M,B:53:GLY,G53M,2,0.44283992052078247,11.372027397155762,5.160558223724365,0.44283992052078247,0.659049391746521,0.5561985373497009,12.122893333435059
G53S,53,G,S,B:53:GLY,G53S,0,0.5131011009216309,9.843149185180664,3.2820701599121094,0.5131011009216309,0.7315915822982788,0.6376261115074158,10.905040740966797
G53S,53,G,S,B:53:GLY,G53S,1,0.0,20.887521743774414,12.271695137023926,0.0,0.27135372161865234,0.0,22.209352493286133
G53S,53,G,S,B:53:GLY,G53S,2,0.14616724848747253,19.264474868774414,11.392830848693848,0.0,0.3456469178199768,0.0,20.72681427001953
G53T,53,G,T,B:53:GLY,G53T,0,0.0,21.64065933227539,13.984644889831543,0.0,0.24540242552757263,0.0,23.587459564208984
G53T,53,G,T,B:53:GLY,G53T,1,0.13079601526260376,17.056652069091797,8.702513694763184,0.0,0.38115355372428894,0.0,18.787960052490234
G53T,53,G,T,B:53:GLY,G53T,2,0.44262856245040894,11.252314567565918,5.280228137969971,0.44262856245040894,0.6465717554092407,0.5504298210144043,12.512319564819336
G53V,53,G,V,B:53:GLY,G53V,0,0.37226301431655884,12.436905860900879,5.610480308532715,0.37226301431655884,0.5912460088729858,0.4576130509376526,13.638008117675781
G53V,53,G,V,B:53:GLY,G53V,1,0.12228937447071075,17.673559188842773,9.146757125854492,0.0,0.3816642761230469,0.0,19.027755737304688
G53V,53,G,V,B:53:GLY,G53V,2,0.19476184248924255,16.115177154541016,8.71174144744873,0.19476184248924255,0.4893006384372711,0.44903847575187683,17.13689613342285
N54F,54,N,F,B:54:ASN,N54F,0,0.48095986247062683,10.581066131591797,4.027271747589111,0.48095986247062683,0.6833289861679077,0.5856045484542847,11.78288459777832
N54F,54,N,F,B:54:ASN,N54F,1,0.42261791229248047,11.95937728881836,4.851858615875244,0.42261791229248047,0.6225054860115051,0.5228224992752075,13.122995376586914
N54F,54,N,F,B:54:ASN,N54F,2,0.16971951723098755,14.6304292678833,6.07904052734375,0.16971951723098755,0.5020881295204163,0.3791249990463257,16.488832473754883
N54W,54,N,W,B:54:ASN,N54W,0,0.0,21.510080337524414,15.006277084350586,0.0,0.2837410867214203,0.0,22.838851928710938
N54W,54,N,W,B:54:ASN,N54W,1,0.23735085129737854,16.557201385498047,10.27291488647461,0.0,0.45814207196235657,0.0,18.498937606811523
N54W,54,N,W,B:54:ASN,N54W,2,0.0,23.55799102783203,16.913028717041016,0.0,0.19998227059841156,0.0,25.24266815185547
N54Y,54,N,Y,B:54:ASN,N54Y,0,0.0626235157251358,20.58699607849121,11.02438735961914,0.0,0.22975867986679077,0.0,22.870359420776367
N54Y,54,N,Y,B:54:ASN,N54Y,1,0.17226144671440125,15.045491218566895,6.546236991882324,0.17226144671440125,0.4918699264526367,0.3580405116081238,16.662935256958008
N54Y,54,N,Y,B:54:ASN,N54Y,2,0.15385237336158752,16.120817184448242,7.175786972045898,0.15385237336158752,0.45450788736343384,0.3301467299461365,17.96437644958496
N54R,54,N,R,B:54:ASN,N54R,0,0.2554781436920166,13.505072593688965,6.994278907775879,0.2554781436920166,0.5341313481330872,0.467952162027359,14.929450035095215
N54R,54,N,R,B:54:ASN,N54R,1,0.4752795398235321,10.143333435058594,4.390559196472168,0.4752795398235321,0.6859574317932129,0.5981787443161011,11.758443832397461
N54R,54,N,R,B:54:ASN,N54R,2,0.380498468875885,12.499871253967285,5.939661979675293,0.380498468875885,0.5966358780860901,0.49847614765167236,14.16209888458252
N54M,54,N,M,B:54:ASN,N54M,0,0.15478050708770752,16.114980697631836,7.446811199188232,0.15478050708770752,0.4385790526866913,0.2930101752281189,18.0734806060791
N54M,54,N,M,B:54:ASN,N54M,1,0.15267765522003174,16.146642684936523,8.042153358459473,0.15267765522003174,0.4462810158729553,0.3042420744895935,17.260889053344727
N54M,54,N,M,B:54:ASN,N54M,2,0.48345619440078735,9.780153274536133,3.795755386352539,0.48345619440078735,0.7113181352615356,0.6183709502220154,10.916083335876465
N54S,54,N,S,B:54:ASN,N54S,0,0.10136228799819946,19.321413040161133,10.739906311035156,0.0,0.30103734135627747,0.0,22.43512535095215
N54S,54,N,S,B:54:ASN,N54S,1,0.1722748577594757,14.796123504638672,7.866720676422119,0.1722748577594757,0.5033411979675293,0.42829814553260803,16.330217361450195
N54S,54,N,S,B:54:ASN,N54S,2,0.0,21.401988983154297,13.369470596313477,0.0,0.25400128960609436,0.0,23.900184631347656
N54T,54,N,T,B:54:ASN,N54T,0,0.49010390043258667,9.88139533996582,4.243544101715088,0.49010390043258667,0.697344183921814,0.614996075630188,11.440546989440918
N54T,54,N,T,B:54:ASN,N54T,1,0.20505575835704803,14.854032516479492,8.79374885559082,0.20505575835704803,0.49824050068855286,0.4544116258621216,17.276260375976562
N54T,54,N,T,B:54:ASN,N54T,2,0.17513862252235413,14.542001724243164,7.561784267425537,0.17513862252235413,0.5085270404815674,0.43402811884880066,16.318708419799805
N54V,54,N,V,B:54:ASN,N54V,0,0.19557954370975494,14.53178596496582,6.686713695526123,0.19557954370975494,0.5099949836730957,0.39691677689552307,15.702463150024414
N54V,54,N,V,B:54:ASN,N54V,1,0.5159865617752075,9.401627540588379,3.262113094329834,0.5159865617752075,0.7241554856300354,0.635376513004303,10.591053009033203
N54V,54,N,V,B:54:ASN,N54V,2,0.46000057458877563,10.5497407913208,4.505971431732178,0.46000057458877563,0.669063925743103,0.5796418190002441,12.178030967712402
G55F,55,G,F,B:55:GLY,G55F,0,0.17683145403862,15.391556739807129,7.3536882400512695,0.17683145403862,0.47816306352615356,0.3500456213951111,16.78744888305664
G55F,55,G,F,B:55:GLY,G55F,1,0.10807737708091736,18.949630737304688,9.418349266052246,0.0,0.30778834223747253,0.0,20.447612762451172
G55F,55,G,F,B:55:GLY,G55F,2,0.13977272808551788,16.475366592407227,7.720638751983643,0.13977272808551788,0.42690473794937134,0.31883129477500916,17.76122283935547
G55W,55,G,W,B:55:GLY,G55W,0,0.1200091689825058,17.52065086364746,8.282211303710938,0.0,0.3551976680755615,0.0,19.187044143676758
G55W,55,G,W,B:55:GLY,G55W,1,0.607925295829773,7.790740013122559,2.2287683486938477,0.607925295829773,0.7782657146453857,0.7197178602218628,8.944979667663574
G55W,55,G,W,B:55:GLY,G55W,2,0.22409175336360931,14.653204917907715,6.814454078674316,0.22409175336360931,0.5023542642593384,0.3746078312397003,15.160218238830566
G55Y,55,G,Y,B:55:GLY,G55Y,0,0.5344946384429932,8.897788047790527,3.4665262699127197,0.5344946384429932,0.7756028771400452,0.6943625211715698,10.764305114746094
G55Y,55,G,Y,B:55:GLY,G55Y,1,0.38292598724365234,12.304068565368652,5.469590663909912,0.38292598724365234,0.6041886806488037,0.48323380947113037,13.420013427734375
G55Y,55,G,Y,B:55:GLY,G55Y,2,0.0,18.725391387939453,12.444581031799316,0.0,0.38743138313293457,0.0,20.550947189331055
G55R,55,G,R,B:55:GLY,G55R,0,0.09959805756807327,19.120738983154297,9.580866813659668,0.0,0.31074249744415283,0.0,22.06551742553711
G55R,55,G,R,B:55:GLY,G55R,1,0.47175365686416626,10.465121269226074,4.4714884757995605,0.47175365686416626,0.6810895204544067,0.5842301845550537,11.748144149780273
G55R,55,G,R,B:55:GLY,G55R,2,0.4171011745929718,11.774380683898926,5.199123382568359,0.4171011745929718,0.6245825290679932,0.5069225430488586,13.023141860961914
G55M,55,G,M,B:55:GLY,G55M,0,0.0,21.405860900878906,14.072930335998535,0.0,0.2698665261268616,0.0,23.00507926940918
G55M,55,G,M,B:55:GLY,G55M,1,0.5297596454620361,9.220763206481934,2.4800686836242676,0.5297596454620361,0.7442089319229126,0.6310379505157471,9.61253833770752
G55M,55,G,M,B:55:GLY,G55M,2,0.08423545956611633,20.234399795532227,10.967303276062012,0.0,0.2613784670829773,0.0,22.87940216064453
G55S,55,G,S,B:55:GLY,G55S,0,0.06434084475040436,20.67905044555664,11.586359024047852,0.0,0.2371598780155182,0.0,23.776052474975586
G55S,55,G,S,B:55:GLY,G55S,1,0.17476806044578552,15.350271224975586,7.843607425689697,0.17476806044578552,0.4698311388492584,0.37339043617248535,16.939132690429688
G55S,55,G,S,B:55:GLY,G55S,2,0.10660722851753235,19.063859939575195,10.238603591918945,0.0,0.3152337074279785,0.0,21.84497833251953
G55T,55,G,T,B:55:GLY,G55T,0,0.3516985774040222,12.618127822875977,6.19808292388916,0.3516985774040222,0.5784139633178711,0.475106418132782,13.905420303344727
G55T,55,G,T,B:55:GLY,G55T,1,0.2868415117263794,13.341141700744629,6.462039947509766,0.2868415117263794,0.5411232709884644,0.456134557723999,14.699077606201172
G55T,55,G,T,B:55:GLY,G55T,2,0.08004851639270782,20.12794303894043,11.29290771484375,0.0,0.2658202350139618,0.0,22.623687744140625
G55V,55,G,V,B:55:GLY,G55V,0,0.0,22.410911560058594,12.661784172058105,0.0,0.1744215190410614,0.0,25.670875549316406
G55V,55,G,V,B:55:GLY,G55V,1,0.16710957884788513,18.12397003173828,11.34069538116455,0.0,0.3968818187713623,0.0,19.804279327392578
G55V,55,G,V,B:55:GLY,G55V,2,0.08144129812717438,20.636201858520508,11.029014587402344,0.0,0.2487785667181015,0.0,22.855825424194336
G56F,56,G,F,B:56:GLY,G56F,0,0.0,20.259431838989258,12.761828422546387,0.0,0.29662570357322693,0.0,22.365198135375977
G56F,56,G,F,B:56:GLY,G56F,1,0.0,22.607336044311523,13.343729972839355,0.0,0.17178261280059814,0.0,25.697717666625977
G56F,56,G,F,B:56:GLY,G56F,2,0.36599841713905334,12.690909385681152,5.850894927978516,0.36599841713905334,0.5973696708679199,0.4658573865890503,14.048771858215332
G56W,56,G,W,B:56:GLY,G56W,0,0.19446708261966705,16.216093063354492,9.286927223205566,0.19446708261966705,0.47483527660369873,0.3937613070011139,17.500978469848633
G56W,56,G,W,B:56:GLY,G56W,1,0.18484048545360565,14.9020357131958,8.077080726623535,0.18484048545360565,0.5097166895866394,0.40480297803878784,16.32797622680664
G56W,56,G,W,B:56:GLY,G56W,2,0.0,18.829504013061523,12.388886451721191,0.0,0.3747563660144806,0.0,19.988548278808594
G56Y,56,G,Y,B:56:GLY,G56Y,0,0.0,21.58758544921875,14.851865768432617,0.0,0.25750428438186646,0.0,23.602758407592773
G56Y,56,G,Y,B:56:GLY,G56Y,1,0.0,21.60259246826172,15.019024848937988,0.0,0.2593870162963867,0.0,23.410079956054688
G56Y,56,G,Y,B:56:GLY,G56Y,2,0.41271883249282837,11.401138305664062,5.197477340698242,0.41271883249282837,0.6340669393539429,0.5320509672164917,12.654264450073242
G56R,56,G,R,B:56:GLY,G56R,0,0.26276588439941406,14.16552448272705,7.624598979949951,0.26276588439941406,0.5335394144058228,0.4346908628940582,15.306838989257812
G56R,56,G,R,B:56:GLY,G56R,1,0.0,21.829957962036133,14.445865631103516,0.0,0.2427893579006195,0.0,24.04124641418457
G56R,56,G,R,B:56:GLY,G56R,2,0.13938596844673157,18.146087646484375,10.812984466552734,0.0,0.37931156158447266,0.0,19.236421585083008
G56M,56,G,M,B:56:GLY,G56M,0,0.295536071062088,13.848770141601562,6.8048176765441895,0.295536071062088,0.5578391551971436,0.4338763356208801,14.981596946716309
G56M,56,G,M,B:56:GLY,G56M,1,0.19610175490379333,15.473197937011719,9.222892761230469,0.19610175490379333,0.4821126461029053,0.4285997748374939,17.42632293701172
G56M,56,G,M,B:56:GLY,G56M,2,0.3420717716217041,13.27248764038086,6.254842758178711,0.3420717716217041,0.5740108489990234,0.4436189532279968,14.443286895751953
G56S,56,G,S,B:56:GLY,G56S,0,0.5164207220077515,8.77957534790039,3.096311569213867,0.5164207220077515,0.7414253950119019,0.6638003587722778,10.065713882446289
G56S,56,G,S,B:56:GLY,G56S,1,0.0,21.496484756469727,13.057230949401855,0.0,0.2501447796821594,0.0,23.431804656982422
G56S,56,G,S,B:56:GLY,G56S,2,0.0,21.941551208496094,14.061697959899902,0.0,0.23697791993618011,0.0,24.148517608642578
G56T,56,G,T,B:56:GLY,G56T,0,0.32177698612213135,13.77441692352295,6.988957405090332,0.32177698612213135,0.5559821128845215,0.45497918128967285,15.115398406982422
G56T,56,G,T,B:56:GLY,G56T,1,0.0,22.243343353271484,14.289515495300293,0.0,0.17554625868797302,0.0,25.200225830078125
G56T,56,G,T,B:56:GLY,G56T,2,0.15888667106628418,16.039857864379883,8.565329551696777,0.15888667106628418,0.4534205198287964,0.28202471137046814,17.763246536254883
G56V,56,G,V,B:56:GLY,G56V,0,0.4507366418838501,10.564643859863281,4.486998558044434,0.4507366418838501,0.6795814037322998,0.5843230485916138,11.906354904174805
G56V,56,G,V,B:56:GLY,G56V,1,0.27068859338760376,14.231276512145996,7.2644524574279785,0.27068859338760376,0.5360100269317627,0.4254171848297119,15.236577033996582
G56V,56,G,V,B:56:GLY,G56V,2,0.06980675458908081,20.786245346069336,11.516622543334961,0.0,0.2553606629371643,0.0,22.46493148803711
T57F,57,T,F,B:57:THR,T57F,0,0.18274462223052979,15.300199508666992,7.972118854522705,0.18274462223052979,0.4816749095916748,0.38365039229393005,17.003068923950195
T57F,57,T,F,B:57:THR,T57F,1,0.1360313892364502,17.797256469726562,9.838339805603027,0.0,0.3692682981491089,0.0,19.799388885498047
T57F,57,T,F,B:57:THR,T57F,2,0.16175153851509094,15.925238609313965,8.38077163696289,0.16175153851509094,0.44376760721206665,0.3937686085700989,17.777124404907227
T57W,57,T,W,B:57:THR,T57W,0,0.15946140885353088,15.180855751037598,7.1641082763671875,0.15946140885353088,0.4858230650424957,0.38087326288223267,16.630889892578125
T57W,57,T,W,B:57:THR,T57W,1,0.0,22.05546760559082,13.663858413696289,0.0,0.2236398160457611,0.0,22.082651138305664
T57W,57,T,W,B:57:THR,T57W,2,0.11455154418945312,18.86856460571289,9.916577339172363,0.0,0.30336907505989075,0.0,21.454565048217773
T57Y,57,T,Y,B:57:THR,T57Y,0,0.22429272532463074,14.133398056030273,7.672611713409424,0.22429272532463074,0.535729169845581,0.44594988226890564,15.814416885375977
T57Y,57,T,Y,B:57:THR,T57Y,1,0.11779390275478363,18.099660873413086,9.881836891174316,0.0,0.3660780191421509,0.0,19.988849639892578
T57Y,57,T,Y,B:57:THR,T57Y,2,0.3022274076938629,13.25250244140625,7.097448825836182,0.3022274076938629,0.551915168762207,0.48078495264053345,14.785513877868652
T57R,57,T,R,B:57:THR,T57R,0,0.0,21.48879623413086,13.837065696716309,0.0,0.2577303946018219,0.0,23.484411239624023
T57R,57,T,R,B:57:THR,T57R,1,0.14408180117607117,17.617534637451172,9.9254150390625,0.0,0.386970579624176,0.0,19.312292098999023
T57R,57,T,R,B:57:THR,T57R,2,0.24027815461158752,13.386987686157227,6.766264915466309,0.24027815461158752,0.5392494201660156,0.4943276643753052,15.1538724899292
T57M,57,T,M,B:57:THR,T57M,0,0.3608606457710266,13.020089149475098,6.31207799911499,0.3608606457710266,0.5778306722640991,0.43561580777168274,14.252396583557129
T57M,57,T,M,B:57:THR,T57M,1,0.18279653787612915,14.551551818847656,7.369238376617432,0.18279653787612915,0.5153181552886963,0.4131770133972168,16.075634002685547
T57M,57,T,M,B:57:THR,T57M,2,0.3162013590335846,14.034049987792969,7.546834945678711,0.3162013590335846,0.5484029650688171,0.4213017225265503,15.246114730834961
T57S,57,T,S,B:57:THR,T57S,0,0.39976584911346436,12.180997848510742,5.777178764343262,0.39976584911346436,0.6082056760787964,0.5046170949935913,13.553828239440918
T57S,57,T,S,B:57:THR,T57S,1,0.0,22.349658966064453,13.922551155090332,0.0,0.18912214040756226,0.0,24.597461700439453
T57S,57,T,S,B:57:THR,T57S,2,0.1696510910987854,16.128049850463867,8.477258682250977,0.0,0.4313506484031677,0.0,19.20380973815918
T57V,57,T,V,B:57:THR,T57V,0,0.41847074031829834,12.336268424987793,6.303354740142822,0.41847074031829834,0.6054424047470093,0.4847624897956848,14.049097061157227
T57V,57,T,V,B:57:THR,T57V,1,0.39072301983833313,11.984387397766113,5.372690677642822,0.39072301983833313,0.6103243827819824,0.5014331340789795,13.649639129638672
T57V,57,T,V,B:57:THR,T57V,2,0.10116945207118988,19.268299102783203,11.662019729614258,0.0,0.3182268738746643,0.0,22.264041900634766
T58F,58,T,F,B:58:THR,T58F,0,0.21363845467567444,14.095010757446289,8.253259658813477,0.21363845467567444,0.526196300983429,0.5179985761642456,16.141366958618164
T58F,58,T,F,B:58:THR,T58F,1,0.0,20.764497756958008,13.252998352050781,0.0,0.28970471024513245,0.0,22.398754119873047
T58F,58,T,F,B:58:THR,T58F,2,0.0,21.44061851501465,14.454170227050781,0.0,0.2567479610443115,0.0,23.843990325927734
T58W,58,T,W,B:58:THR,T58W,0,0.2584054470062256,13.557823181152344,7.9418511390686035,0.2584054470062256,0.5401498079299927,0.4738923907279968,15.617181777954102
T58W,58,T,W,B:58:THR,T58W,1,0.1139439046382904,18.94916534423828,10.757134437561035,0.0,0.3330096900463104,0.0,20.538854598999023
T58W,58,T,W,B:58:THR,T58W,2,0.4068635106086731,11.794695854187012,5.765014171600342,0.4068635106086731,0.6206042766571045,0.5195530652999878,13.500317573547363
T58Y,58,T,Y,B:58:THR,T58Y,0,0.0,20.35270881652832,13.697970390319824,0.0,0.2987961173057556,0.0,22.77977180480957
T58Y,58,T,Y,B:58:THR,T58Y,1,0.0,19.598743438720703,12.867202758789062,0.0,0.3225072920322418,0.0,21.897918701171875
T58Y,58,T,Y,B:58:THR,T58Y,2,0.10115864872932434,20.210893630981445,11.559184074401855,0.0,0.2695469856262207,0.0,22.941429138183594
T58R,58,T,R,B:58:THR,T58R,0,0.0,22.406524658203125,15.001119613647461,0.0,0.21283869445323944,0.0,24.647247314453125
T58R,58,T,R,B:58:THR,T58R,1,0.0,22.617687225341797,15.052173614501953,0.0,0.2064269632101059,0.0,25.163204193115234
T58R,58,T,R,B:58:THR,T58R,2,0.0,20.707073211669922,13.390958786010742,0.0,0.284220427274704,0.0,23.157257080078125
T58M,58,T,M,B:58:THR,T58M,0,0.12000337243080139,18.451692581176758,10.18034839630127,0.0,0.35498058795928955,0.0,20.43956756591797
T58M,58,T,M,B:58:THR,T58M,1,0.0,22.22727394104004,14.604086875915527,0.0,0.2322671115398407,0.0,24.519989013671875
T58M,58,T,M,B:58:THR,T58M,2,0.1507045328617096,17.33197593688965,9.322169303894043,0.0,0.39674943685531616,0.0,19.075565338134766
T58S,58,T,S,B:58:THR,T58S,0,0.38952112197875977,12.098447799682617,5.626412868499756,0.38952112197875977,0.606682538986206,0.4972653388977051,13.931361198425293
T58S,58,T,S,B:58:THR,T58S,1,0.47436636686325073,10.598437309265137,5.369375228881836,0.47436636686325073,0.6621123552322388,0.5913417339324951,12.773533821105957
T58S,58,T,S,B:58:THR,T58S,2,0.13149581849575043,17.75570297241211,9.286275863647461,0.0,0.3592878580093384,0.0,19.996530532836914
T58V,58,T,V,B:58:THR,T58V,0,0.13479478657245636,17.937955856323242,9.87442684173584,0.0,0.3648391664028168,0.0,19.989852905273438
T58V,58,T,V,B:58:THR,T58V,1,0.22588081657886505,14.360151290893555,7.208752632141113,0.22588081657886505,0.519370973110199,0.44354188442230225,15.943962097167969
T58V,58,T,V,B:58:THR,T58V,2,0.43055039644241333,11.346184730529785,5.173523426055908,0.43055039644241333,0.6423750519752502,0.5395563840866089,12.892181396484375
A97F,97,A,F,B:97:ALA,A97F,0,0.07964250445365906,19.66116714477539,11.285552024841309,0.0,0.3103918731212616,0.0,21.070415496826172
A97F,97,A,F,B:97:ALA,A97F,1,0.22312648594379425,15.741731643676758,7.929398536682129,0.22312648594379425,0.5415707230567932,0.3498821556568146,15.588949203491211
A97F,97,A,F,B:97:ALA,A97F,2,0.08648553490638733,19.863815307617188,11.68365478515625,0.0,0.30992409586906433,0.0,21.385717391967773
A97W,97,A,W,B:97:ALA,A97W,0,0.3438767194747925,13.922399520874023,6.663902282714844,0.3438767194747925,0.5718910098075867,0.42793408036231995,14.84701156616211
A97W,97,A,W,B:97:ALA,A97W,1,0.10151173174381256,20.186443328857422,11.055920600891113,0.0,0.29857468605041504,0.0,21.609176635742188
A97W,97,A,W,B:97:ALA,A97W,2,0.22575189173221588,14.17025375366211,7.045793056488037,0.22575189173221588,0.5484094619750977,0.4138977825641632,14.913768768310547
A97Y,97,A,Y,B:97:ALA,A97Y,0,0.19137778878211975,15.3617525100708,7.739171504974365,0.19137778878211975,0.5071169137954712,0.44735389947891235,16.77874183654785
A97Y,97,A,Y,B:97:ALA,A97Y,1,0.43158525228500366,12.070809364318848,5.864835262298584,0.43158525228500366,0.624751091003418,0.5119451284408569,13.364702224731445
A97Y,97,A,Y,B:97:ALA,A97Y,2,0.08515216410160065,20.345447540283203,11.230538368225098,0.0,0.28352415561676025,0.0,21.79311180114746
A97R,97,A,R,B:97:ALA,A97R,0,0.0,24.375978469848633,16.203184127807617,0.0,0.12671548128128052,0.0,27.19672966003418
A97R,97,A,R,B:97:ALA,A97R,1,0.09480583667755127,19.44693374633789,11.214700698852539,0.0,0.32618585228919983,0.0,20.866296768188477
A97R,97,A,R,B:97:ALA,A97R,2,0.19054731726646423,17.333982467651367,10.078978538513184,0.19054731726646423,0.4708857834339142,0.2604016363620758,17.546092987060547
A97M,97,A,M,B:97:ALA,A97M,0,0.4752798080444336,12.244872093200684,5.429079055786133,0.4752798080444336,0.6761541366577148,0.5387477874755859,12.329845428466797
A97M,97,A,M,B:97:ALA,A97M,1,0.0,22.70127296447754,15.012152671813965,0.0,0.1879468858242035,0.0,25.476240158081055
A97M,97,A,M,B:97:ALA,A97M,2,0.0,21.903661727905273,14.124486923217773,0.0,0.2284054160118103,0.0,24.046546936035156
A97S,97,A,S,B:97:ALA,A97S,0,0.0810653567314148,20.06666374206543,10.879759788513184,0.0,0.26229751110076904,0.0,22.933792114257812
A97S,97,A,S,B:97:ALA,A97S,1,0.08944371342658997,19.174945831298828,10.670503616333008,0.0,0.3092341125011444,0.0,21.049760818481445
A97S,97,A,S,B:97:ALA,A97S,2,0.13873568177223206,17.513425827026367,9.204401969909668,0.0,0.37065011262893677,0.0,19.754915237426758
A97T,97,A,T,B:97:ALA,A97T,0,0.1647053211927414,16.361804962158203,8.490437507629395,0.0,0.4439041018486023,0.0,18.708003997802734
A97T,97,A,T,B:97:ALA,A97T,1,0.5526039004325867,8.429558753967285,3.0763561725616455,0.5526039004325867,0.7664144039154053,0.6827538013458252,9.547341346740723
A97T,97,A,T,B:97:ALA,A97T,2,0.16395756602287292,17.544736862182617,10.346233367919922,0.0,0.39941149950027466,0.0,19.416030883789062
A97V,97,A,V,B:97:ALA,A97V,0,0.0,22.16081428527832,15.094786643981934,0.0,0.2329140305519104,0.0,24.36517906188965
A97V,97,A,V,B:97:ALA,A97V,1,0.17476019263267517,15.788642883300781,8.781085014343262,0.17476019263267517,0.48325783014297485,0.40146496891975403,17.60284996032715
A97V,97,A,V,B:97:ALA,A97V,2,0.1882486641407013,15.15678596496582,8.179943084716797,0.1882486641407013,0.5098434686660767,0.42199212312698364,16.78419303894043
A98F,98,A,F,B:98:ALA,A98F,0,0.28586065769195557,12.94918441772461,6.118734359741211,0.28586065769195557,0.551369309425354,0.42838284373283386,14.729926109313965
A98F,98,A,F,B:98:ALA,A98F,1,0.17501184344291687,17.776704788208008,11.741694450378418,0.0,0.3997194170951843,0.0,20.682968139648438
A98F,98,A,F,B:98:ALA,A98F,2,0.5472458004951477,8.594244003295898,3.0874686241149902,0.5472458004951477,0.738156259059906,0.6669260263442993,9.920660972595215
A98W,98,A,W,B:98:ALA,A98W,0,0.5329080820083618,9.167792320251465,4.019800186157227,0.5329080820083618,0.711782693862915,0.6295077204704285,10.420727729797363
A98W,98,A,W,B:98:ALA,A98W,1,0.4116218090057373,11.13978385925293,4.936959743499756,0.4116218090057373,0.6249032020568848,0.5239516496658325,12.71434497833252
A98W,98,A,W,B:98:ALA,A98W,2,0.5332510471343994,9.418695449829102,3.607158660888672,0.5332510471343994,0.7080631256103516,0.6305087804794312,10.595307350158691
A98Y,98,A,Y,B:98:ALA,A98Y,0,0.4077324867248535,11.153512954711914,4.965945243835449,0.4077324867248535,0.6227110028266907,0.5226571559906006,12.691407203674316
A98Y,98,A,Y,B:98:ALA,A98Y,1,0.6728470325469971,6.080599308013916,1.252766489982605,0.6728470325469971,0.8549768924713135,0.7930874824523926,7.167922019958496
A98Y,98,A,Y,B:98:ALA,A98Y,2,0.43850287795066833,10.706307411193848,4.616309642791748,0.43850287795066833,0.6477814316749573,0.550453245639801,12.439624786376953
A98R,98,A,R,B:98:ALA,A98R,0,0.12430494278669357,18.604150772094727,11.114897727966309,0.0,0.351232647895813,0.0,20.658432006835938
A98R,98,A,R,B:98:ALA,A98R,1,0.13068810105323792,17.48116111755371,8.960969924926758,0.0,0.3781287670135498,0.0,19.63401222229004
A98R,98,A,R,B:98:ALA,A98R,2,0.0,22.120227813720703,13.115337371826172,0.0,0.18616124987602234,0.0,25.14708137512207
A98M,98,A,M,B:98:ALA,A98M,0,0.0,21.91390609741211,12.526598930358887,0.0,0.1887136697769165,0.0,25.096174240112305
A98M,98,A,M,B:98:ALA,A98M,1,0.41320714354515076,11.742379188537598,5.361198902130127,0.41320714354515076,0.6019675135612488,0.5189248919487,13.053305625915527
A98M,98,A,M,B:98:ALA,A98M,2,0.13511505722999573,17.660507202148438,8.848834037780762,0.0,0.3790917992591858,0.0,19.6723575592041
A98S,98,A,S,B:98:ALA,A98S,0,0.0,21.063213348388672,13.35158920288086,0.0,0.26688241958618164,0.0,23.937267303466797
A98S,98,A,S,B:98:ALA,A98S,1,0.18629096448421478,14.267782211303711,6.847635269165039,0.18629096448421478,0.5044096112251282,0.44364452362060547,16.182846069335938
A98S,98,A,S,B:98:ALA,A98S,2,0.4824931025505066,10.539388656616211,5.382501602172852,0.4824931025505066,0.6673966646194458,0.5933078527450562,12.595597267150879
A98T,98,A,T,B:98:ALA,A98T,0,0.0,20.69118309020996,13.333602905273438,0.0,0.28521624207496643,0.0,22.790122985839844
A98T,98,A,T,B:98:ALA,A98T,1,0.3960437476634979,12.2682466506958,5.319178104400635,0.3960437476634979,0.5984223484992981,0.4795651137828827,13.599977493286133
A98T,98,A,T,B:98:ALA,A98T,2,0.5153501629829407,9.868870735168457,3.832434892654419,0.5153501629829407,0.7114522457122803,0.6281654834747314,11.020441055297852
A98V,98,A,V,B:98:ALA,A98V,0,0.0,20.646198272705078,13.846141815185547,0.0,0.3072270154953003,0.0,22.40591812133789
A98V,98,A,V,B:98:ALA,A98V,1,0.12161438167095184,17.931663513183594,8.544702529907227,0.0,0.35408344864845276,0.0,20.0362548828125
A98V,98,A,V,B:98:ALA,A98V,2,0.11225476861000061,18.71668815612793,9.527244567871094,0.0,0.32468289136886597,0.0,20.979652404785156
G99F,99,G,F,B:99:GLY,G99F,0,0.47272586822509766,9.072455406188965,3.65478515625,0.47272586822509766,0.7300795316696167,0.6492205858230591,11.249346733093262
G99F,99,G,F,B:99:GLY,G99F,1,0.43609297275543213,9.61375617980957,4.185369968414307,0.43609297275543213,0.6998625993728638,0.6162641644477844,12.026204109191895
G99F,99,G,F,B:99:GLY,G99F,2,0.4577306807041168,9.764978408813477,3.9574592113494873,0.4577306807041168,0.7175325155258179,0.6126615405082703,11.591458320617676
G99W,99,G,W,B:99:GLY,G99W,0,0.0,20.952796936035156,13.67742919921875,0.0,0.2829737663269043,0.0,22.034482955932617
G99W,99,G,W,B:99:GLY,G99W,1,0.21159879863262177,15.262615203857422,8.600343704223633,0.21159879863262177,0.5367320775985718,0.40510809421539307,15.96663761138916
G99W,99,G,W,B:99:GLY,G99W,2,0.173480823636055,16.511234283447266,9.639704704284668,0.173480823636055,0.48209184408187866,0.30110013484954834,17.59903907775879
G99Y,99,G,Y,B:99:GLY,G99Y,0,0.5100204944610596,9.3427734375,3.9892592430114746,0.5100204944610596,0.7491456270217896,0.6795817613601685,10.761124610900879
G99Y,99,G,Y,B:99:GLY,G99Y,1,0.27197498083114624,14.017252922058105,7.215790271759033,0.27197498083114624,0.5325819253921509,0.42211735248565674,15.137357711791992
G99Y,99,G,Y,B:99:GLY,G99Y,2,0.0,20.7554931640625,13.032150268554688,0.0,0.2903363108634949,0.0,22.665935516357422
G99R,99,G,R,B:99:GLY,G99R,0,0.09809190034866333,18.341989517211914,11.784502029418945,0.0,0.3853335976600647,0.0,19.70751190185547
G99R,99,G,R,B:99:GLY,G99R,1,0.0,19.813819885253906,13.278168678283691,0.0,0.3038109242916107,0.0,21.75031089782715
G99R,99,G,R,B:99:GLY,G99R,2,0.0,21.731834411621094,15.468531608581543,0.0,0.21656234562397003,0.0,23.73918342590332
G99M,99,G,M,B:99:GLY,G99M,0,0.37882304191589355,12.661635398864746,6.77218770980835,0.37882304191589355,0.5852705240249634,0.44400960206985474,14.451290130615234
G99M,99,G,M,B:99:GLY,G99M,1,0.4718059301376343,9.233381271362305,4.306985378265381,0.4718059301376343,0.719653844833374,0.6477701663970947,11.38769817352295
G99M,99,G,M,B:99:GLY,G99M,2,0.5742470622062683,8.13879108428955,3.6104373931884766,0.5742470622062683,0.7453576922416687,0.6782267689704895,10.021000862121582
G99S,99,G,S,B:99:GLY,G99S,0,0.16472724080085754,15.56629467010498,7.478237152099609,0.16472724080085754,0.4525972008705139,0.3646300137042999,17.222780227661133
G99S,99,G,S,B:99:GLY,G99S,1,0.48441749811172485,10.403841972351074,4.176194667816162,0.48441749811172485,0.6733119487762451,0.5844315886497498,11.608441352844238
G99S,99,G,S,B:99:GLY,G99S,2,0.501629114151001,10.106502532958984,4.018392562866211,0.501629114151001,0.680162787437439,0.6052141189575195,11.449094772338867
G99T,99,G,T,B:99:GLY,G99T,0,0.0,22.72218894958496,13.47093677520752,0.0,0.17246657609939575,0.0,26.334468841552734
G99T,99,G,T,B:99:GLY,G99T,1,0.199269637465477,14.421233177185059,7.268362998962402,0.199269637465477,0.5118904113769531,0.4220619201660156,16.331907272338867
G99T,99,G,T,B:99:GLY,G99T,2,0.1804981231689453,16.208364486694336,9.304025650024414,0.1804981231689453,0.45861250162124634,0.375994473695755,17.731544494628906
G99V,99,G,V,B:99:GLY,G99V,0,0.0,19.006961822509766,12.376618385314941,0.0,0.3931838870048523,0.0,18.706872940063477
G99V,99,G,V,B:99:GLY,G99V,1,0.0,21.668624877929688,12.923760414123535,0.0,0.1978488564491272,0.0,25.165992736816406
G99V,99,G,V,B:99:GLY,G99V,2,0.4588322639465332,10.969281196594238,5.853430271148682,0.4588322639465332,0.6520098447799683,0.568181037902832,12.963492393493652
G100F,100,G,F,B:100:GLY,G100F,0,0.08678051084280014,19.192508697509766,9.722683906555176,0.0,0.28931546211242676,0.0,21.498437881469727
G100F,100,G,F,B:100:GLY,G100F,1,0.11285309493541718,17.70892906188965,8.498303413391113,0.0,0.3701973557472229,0.0,19.69373321533203
G100F,100,G,F,B:100:GLY,G100F,2,0.09147261828184128,19.0007381439209,9.833846092224121,0.0,0.29121774435043335,0.0,21.879018783569336
G100W,100,G,W,B:100:GLY,G100W,0,0.13530012965202332,18.17778778076172,10.88176441192627,0.0,0.36469805240631104,0.0,20.706653594970703
G100W,100,G,W,B:100:GLY,G100W,1,0.06707526743412018,20.69251251220703,11.211892127990723,0.0,0.23223437368869781,0.0,23.499555587768555
G100W,100,G,W,B:100:GLY,G100W,2,0.5569389462471008,8.752006530761719,2.1347970962524414,0.5569389462471008,0.7500684261322021,0.6811614632606506,9.687141418457031
G100Y,100,G,Y,B:100:GLY,G100Y,0,0.45254820585250854,10.668007850646973,3.5773141384124756,0.45254820585250854,0.677420437335968,0.5743077993392944,11.511592864990234
G100Y,100,G,Y,B:100:GLY,G100Y,1,0.2346487194299698,14.951593399047852,7.25034236907959,0.2346487194299698,0.4977979063987732,0.32032281160354614,15.8214111328125
G100Y,100,G,Y,B:100:GLY,G100Y,2,0.06842151284217834,20.162446975708008,10.808810234069824,0.0,0.2580128014087677,0.0,22.444643020629883
G100R,100,G,R,B:100:GLY,G100R,0,0.0,24.976795196533203,17.577425003051758,0.0,0.11923851072788239,0.0,26.88654899597168
G100R,100,G,R,B:100:GLY,G100R,1,0.0,23.741731643676758,17.11433219909668,0.0,0.15811197459697723,0.0,25.577421188354492
G100R,100,G,R,B:100:GLY,G100R,2,0.0,23.562026977539062,17.347747802734375,0.0,0.16435331106185913,0.0,25.51658058166504
G100M,100,G,M,B:100:GLY,G100M,0,0.08103097230195999,19.57861328125,10.305699348449707,0.0,0.2744690775871277,0.0,21.841421127319336
G100M,100,G,M,B:100:GLY,G100M,1,0.30389654636383057,13.373323440551758,6.402745723724365,0.30389654636383057,0.5489977598190308,0.4549396336078644,14.382532119750977
G100M,100,G,M,B:100:GLY,G100M,2,0.16252706944942474,16.552019119262695,8.179581642150879,0.15709540247917175,0.40811628103256226,0.15709540247917175,18.406526565551758
G100S,100,G,S,B:100:GLY,G100S,0,0.0,21.234516143798828,12.894864082336426,0.0,0.23224398493766785,0.0,23.132837295532227
G100S,100,G,S,B:100:GLY,G100S,1,0.15207251906394958,17.406579971313477,9.799294471740723,0.0,0.38864219188690186,0.0,18.64341926574707
G100S,100,G,S,B:100:GLY,G100S,2,0.2825711667537689,14.073576927185059,8.721708297729492,0.2825711667537689,0.5490910410881042,0.43212124705314636,15.357025146484375
G100T,100,G,T,B:100:GLY,G100T,0,0.17098036408424377,15.540529251098633,8.601937294006348,0.17098036408424377,0.47579655051231384,0.3110138773918152,16.53746795654297
G100T,100,G,T,B:100:GLY,G100T,1,0.0,21.57420539855957,12.96023178100586,0.0,0.23702366650104523,0.0,23.211666107177734
G100T,100,G,T,B:100:GLY,G100T,2,0.4916389286518097,10.564184188842773,4.706270217895508,0.4916389286518097,0.6849240660667419,0.6000325679779053,11.388935089111328
G100V,100,G,V,B:100:GLY,G100V,0,0.10527367144823074,18.52124786376953,10.501765251159668,0.0,0.3410561680793762,0.0,19.54621696472168
G100V,100,G,V,B:100:GLY,G100V,1,0.08612518757581711,19.872711181640625,11.058500289916992,0.0,0.29416197538375854,0.0,21.214366912841797
G100V,100,G,V,B:100:GLY,G100V,2,0.15280097723007202,16.60190773010254,8.779914855957031,0.15280097723007202,0.4367537796497345,0.23321714997291565,17.648122787475586
W101F,101,W,F,B:101:TRP,W101F,0,0.1413721740245819,17.55658531188965,9.232345581054688,0.0,0.38025495409965515,0.0,19.096899032592773
W101F,101,W,F,B:101:TRP,W101F,1,0.0,20.967031478881836,12.140652656555176,0.0,0.2414240539073944,0.0,23.38840103149414
W101F,101,W,F,B:101:TRP,W101F,2,0.327134370803833,13.134023666381836,6.198819637298584,0.327134370803833,0.570417046546936,0.45553410053253174,14.630468368530273
W101Y,101,W,Y,B:101:TRP,W101Y,0,0.0,23.04490089416504,14.354329109191895,0.0,0.15351612865924835,0.0,26.15123748779297
W101Y,101,W,Y,B:101:TRP,W101Y,1,0.18212877213954926,16.6551513671875,10.127577781677246,0.0,0.4566899538040161,0.0,18.186437606811523
W101Y,101,W,Y,B:101:TRP,W101Y,2,0.2377951294183731,13.859797477722168,6.625718593597412,0.2377951294183731,0.5275139808654785,0.4549857974052429,15.849953651428223
W101R,101,W,R,B:101:TRP,W101R,0,0.1450406014919281,17.70961570739746,9.996520042419434,0.0,0.4061509370803833,0.0,18.55828857421875
W101R,101,W,R,B:101:TRP,W101R,1,0.0,22.991497039794922,14.749283790588379,0.0,0.18198780715465546,0.0,24.41553497314453
W101R,101,W,R,B:101:TRP,W101R,2,0.16656899452209473,17.193944931030273,9.847347259521484,0.0,0.3926662802696228,0.0,18.94318389892578
W101M,101,W,M,B:101:TRP,W101M,0,0.41719815135002136,11.679875373840332,5.469180107116699,0.41719815135002136,0.6261370182037354,0.5209123492240906,13.311102867126465
W101M,101,W,M,B:101:TRP,W101M,1,0.4481050372123718,11.488884925842285,5.3121747970581055,0.4481050372123718,0.6782832741737366,0.5536453723907471,12.057669639587402
W101M,101,W,M,B:101:TRP,W101M,2,0.09379599988460541,20.206218719482422,11.48576545715332,0.0,0.2876428961753845,0.0,21.99066925048828
W101S,101,W,S,B:101:TRP,W101S,0,0.0,20.46210289001465,13.651646614074707,0.0,0.30820757150650024,0.0,22.162582397460938
W101S,101,W,S,B:101:TRP,W101S,1,0.108009472489357,19.972152709960938,11.476212501525879,0.0,0.28927329182624817,0.0,22.266616821289062
W101S,101,W,S,B:101:TRP,W101S,2,0.41132286190986633,11.713342666625977,5.419254302978516,0.41132286190986633,0.6106568574905396,0.5246526598930359,13.638373374938965
W101T,101,W,T,B:101:TRP,W101T,0,0.1717592477798462,17.398170471191406,10.497973442077637,0.0,0.4364125728607178,0.0,18.682716369628906
W101T,101,W,T,B:101:TRP,W101T,1,0.0,22.503477096557617,13.641107559204102,0.0,0.18404513597488403,0.0,24.894258499145508
W101T,101,W,T,B:101:TRP,W101T,2,0.1745058298110962,15.463099479675293,8.141613006591797,0.1745058298110962,0.4760790467262268,0.4194713830947876,17.49197006225586
W101V,101,W,V,B:101:TRP,W101V,0,0.1918855905532837,15.610040664672852,9.477885246276855,0.1918855905532837,0.4860668182373047,0.4300481975078583,17.33606719970703
W101V,101,W,V,B:101:TRP,W101V,1,0.3457756042480469,12.634071350097656,5.871137619018555,0.3457756042480469,0.5814030170440674,0.48436546325683594,14.546745300292969
W101V,101,W,V,B:101:TRP,W101V,2,0.10695265233516693,19.278465270996094,10.859663963317871,0.0,0.326226145029068,0.0,20.8913631439209
G102F,102,G,F,B:102:GLY,G102F,0,0.0,21.49210548400879,13.783488273620605,0.0,0.24233770370483398,0.0,23.508731842041016
G102F,102,G,F,B:102:GLY,G102F,1,0.14016562700271606,17.38357925415039,10.076370239257812,0.0,0.4269445538520813,0.0,19.098474502563477
G102F,102,G,F,B:102:GLY,G102F,2,0.14307059347629547,17.294322967529297,9.292847633361816,0.0,0.39203575253486633,0.0,18.951934814453125
G102W,102,G,W,B:102:GLY,G102W,0,0.21314819157123566,14.456429481506348,7.510663032531738,0.21314819157123566,0.5242915749549866,0.4008139371871948,15.7371187210083
G102W,102,G,W,B:102:GLY,G102W,1,0.0,20.482013702392578,12.51358699798584,0.0,0.26180773973464966,0.0,23.06989288330078
G102W,102,G,W,B:102:GLY,G102W,2,0.08076708018779755,20.042125701904297,11.368005752563477,0.0,0.2695598304271698,0.0,22.74472999572754
G102Y,102,G,Y,B:102:GLY,G102Y,0,0.4780084490776062,10.285269737243652,4.615495681762695,0.4780084490776062,0.674225926399231,0.6014994382858276,12.227701187133789
G102Y,102,G,Y,B:102:GLY,G102Y,1,0.14724361896514893,17.09893035888672,8.939268112182617,0.0,0.39027947187423706,0.0,19.80438995361328
G102Y,102,G,Y,B:102:GLY,G102Y,2,0.4990968108177185,10.210933685302734,4.320287227630615,0.4990968108177185,0.6812903881072998,0.5962352156639099,11.515275955200195
G102R,102,G,R,B:102:GLY,G102R,0,0.08084403723478317,20.61435890197754,11.550721168518066,0.0,0.2611304521560669,0.0,22.708866119384766
G102R,102,G,R,B:102:GLY,G102R,1,0.31428197026252747,13.392065048217773,6.431948184967041,0.31428197026252747,0.5590651035308838,0.44671377539634705,15.288533210754395
G102R,102,G,R,B:102:GLY,G102R,2,0.1977764070034027,14.690582275390625,7.346673011779785,0.1977764070034027,0.5024814009666443,0.3965267837047577,16.47719955444336
G102M,102,G,M,B:102:GLY,G102M,0,0.3965604901313782,11.996749877929688,5.475186347961426,0.3965604901313782,0.5961176156997681,0.4868631362915039,13.27364444732666
G102M,102,G,M,B:102:GLY,G102M,1,0.1771034449338913,17.367717742919922,10.382067680358887,0.0,0.4169829189777374,0.0,19.255760192871094
G102M,102,G,M,B:102:GLY,G102M,2,0.1686781346797943,15.212188720703125,7.664729118347168,0.1686781346797943,0.47977519035339355,0.36657482385635376,16.797868728637695
G102S,102,G,S,B:102:GLY,G102S,0,0.08800257742404938,19.732816696166992,11.088912010192871,0.0,0.28376978635787964,0.0,22.459209442138672
G102S,102,G,S,B:102:GLY,G102S,1,0.4726892113685608,10.498266220092773,4.620113849639893,0.4726892113685608,0.6630558371543884,0.5736862421035767,11.618603706359863
G102S,102,G,S,B:102:GLY,G102S,2,0.18024782836437225,15.066810607910156,7.685697078704834,0.18024782836437225,0.49212366342544556,0.36799997091293335,16.47429847717285
G102T,102,G,T,B:102:GLY,G102T,0,0.0,21.33051300048828,13.921189308166504,0.0,0.25149989128112793,0.0,23.575817108154297
G102T,102,G,T,B:102:GLY,G102T,1,0.07658932358026505,20.039045333862305,11.445615768432617,0.0,0.2613084316253662,0.0,22.522356033325195
G102T,102,G,T,B:102:GLY,G102T,2,0.10292592644691467,18.840789794921875,10.568412780761719,0.0,0.33193331956863403,0.0,20.57419204711914
G102V,102,G,V,B:102:GLY,G102V,0,0.1624247133731842,16.172086715698242,8.851336479187012,0.1624247133731842,0.4534062147140503,0.25803983211517334,17.586788177490234
G102V,102,G,V,B:102:GLY,G102V,1,0.0,22.86146354675293,15.14941120147705,0.0,0.20317105948925018,0.0,24.831151962280273
G102V,102,G,V,B:102:GLY,G102V,2,0.14359238743782043,16.38137435913086,8.383665084838867,0.14359238743782043,0.4276966452598572,0.23779921233654022,17.8880615234375
K103F,103,K,F,B:103:LYS,K103F,0,0.15587636828422546,15.521843910217285,7.8423848152160645,0.15587636828422546,0.46425020694732666,0.3225686848163605,17.003828048706055
K103F,103,K,F,B:103:LYS,K103F,1,0.3531612753868103,13.444914817810059,7.570066928863525,0.3531612753868103,0.5695151686668396,0.491791307926178,15.28071403503418
K103F,103,K,F,B:103:LYS,K103F,2,0.5138278007507324,9.900335311889648,3.9705588817596436,0.5138278007507324,0.6828086376190186,0.6129512786865234,11.54289722442627
K103W,103,K,W,B:103:LYS,K103W,0,0.6062837839126587,7.6443634033203125,2.641162157058716,0.6062837839126587,0.7910529971122742,0.7213495969772339,8.874435424804688
K103W,103,K,W,B:103:LYS,K103W,1,0.16679242253303528,14.180335998535156,6.745110034942627,0.16679242253303528,0.4922599196434021,0.41355955600738525,15.886164665222168
K103W,103,K,W,B:103:LYS,K103W,2,0.2509209215641022,13.720191955566406,6.3159613609313965,0.2509209215641022,0.5296399593353271,0.44759970903396606,15.147873878479004
K103Y,103,K,Y,B:103:LYS,K103Y,0,0.3465083837509155,12.695378303527832,5.663771152496338,0.3465083837509155,0.5746874809265137,0.4936721622943878,14.28801155090332
K103Y,103,K,Y,B:103:LYS,K103Y,1,0.13125771284103394,16.84061622619629,8.274595260620117,0.0,0.3886150121688843,0.0,18.903850555419922
K103Y,103,K,Y,B:103:LYS,K103Y,2,0.09077246487140656,18.76736068725586,10.641440391540527,0.0,0.3157181739807129,0.0,20.623699188232422
K103R,103,K,R,B:103:LYS,K103R,0,0.18086105585098267,15.188419342041016,7.721742153167725,0.18086105585098267,0.48252731561660767,0.38801613450050354,16.760406494140625
K103R,103,K,R,B:103:LYS,K103R,1,0.0,21.893178939819336,14.69272518157959,0.0,0.23287981748580933,0.0,24.047582626342773
K103R,103,K,R,B:103:LYS,K103R,2,0.4181753993034363,11.43192195892334,5.261536598205566,0.4181753993034363,0.6273218989372253,0.5346403121948242,12.91012191772461
K103M,103,K,M,B:103:LYS,K103M,0,0.0,22.087135314941406,12.851513862609863,0.0,0.17767304182052612,0.0,25.522592544555664
K103M,103,K,M,B:103:LYS,K103M,1,0.07581496983766556,20.765316009521484,11.096641540527344,0.0,0.23681455850601196,0.0,23.92015266418457
K103M,103,K,M,B:103:LYS,K103M,2,0.0,22.633852005004883,13.578080177307129,0.0,0.1801294982433319,0.0,26.106746673583984
K103S,103,K,S,B:103:LYS,K103S,0,0.0,22.79338264465332,15.224453926086426,0.0,0.2051001787185669,0.0,25.213214874267578
K103S,103,K,S,B:103:LYS,K103S,1,0.515005886554718,10.282033920288086,4.484812259674072,0.515005886554718,0.6727923154830933,0.5930776596069336,11.40241527557373
K103S,103,K,S,B:103:LYS,K103S,2,0.13053326308727264,17.651914596557617,9.292162895202637,0.0,0.35736459493637085,0.0,19.768430709838867
K103T,103,K,T,B:103:LYS,K103T,0,0.09296692907810211,19.120071411132812,10.096590995788574,0.0,0.30162277817726135,0.0,21.460960388183594
K103T,103,K,T,B:103:LYS,K103T,1,0.29294174909591675,13.871194839477539,6.781464099884033,0.29294174909591675,0.5486392378807068,0.4121217727661133,15.181384086608887
K103T,103,K,T,B:103:LYS,K103T,2,0.15321554243564606,15.916402816772461,8.407899856567383,0.15321554243564606,0.4512057900428772,0.3417070508003235,17.268579483032227
K103V,103,K,V,B:103:LYS,K103V,0,0.11162440478801727,18.53986930847168,10.246005058288574,0.0,0.32180505990982056,0.0,20.71391487121582
K103V,103,K,V,B:103:LYS,K103V,1,0.1774246245622635,17.168792724609375,10.329792976379395,0.0,0.4288483262062073,0.0,18.7737979888916
K103V,103,K,V,B:103:LYS,K103V,2,0.1708463728427887,16.240400314331055,8.515631675720215,0.0,0.4234454333782196,0.0,18.51997947692871
E104F,104,E,F,B:104:GLU,E104F,0,0.4161548614501953,11.857085227966309,5.293275833129883,0.4161548614501953,0.6178246736526489,0.5157791376113892,12.928709983825684
E104F,104,E,F,B:104:GLU,E104F,1,0.15400603413581848,18.239709854125977,10.879687309265137,0.0,0.3839360475540161,0.0,20.536733627319336
E104F,104,E,F,B:104:GLU,E104F,2,0.0,21.399343490600586,12.578743934631348,0.0,0.21985137462615967,0.0,23.42194175720215
E104W,104,E,W,B:104:GLU,E104W,0,0.4566176235675812,11.115145683288574,5.743063449859619,0.4566176235675812,0.6728583574295044,0.5799055099487305,12.62702465057373
E104W,104,E,W,B:104:GLU,E104W,1,0.3587101697921753,12.560465812683105,5.9608988761901855,0.3587101697921753,0.579430341720581,0.505434513092041,13.926039695739746
E104W,104,E,W,B:104:GLU,E104W,2,0.4626482427120209,10.417141914367676,4.5209059715271,0.4626482427120209,0.6878337264060974,0.5963224172592163,11.925615310668945
E104Y,104,E,Y,B:104:GLU,E104Y,0,0.08264201134443283,20.263769149780273,11.389004707336426,0.0,0.25639668107032776,0.0,22.520959854125977
E104Y,104,E,Y,B:104:GLU,E104Y,1,0.22642692923545837,12.514823913574219,5.899578094482422,0.22642692923545837,0.569878101348877,0.532080888748169,15.335761070251465
E104Y,104,E,Y,B:104:GLU,E104Y,2,0.0,21.83786964416504,13.208459854125977,0.0,0.2095838189125061,0.0,25.53806495666504
E104R,104,E,R,B:104:GLU,E104R,0,0.0,21.687877655029297,14.474098205566406,0.0,0.22797651588916779,0.0,23.93779754638672
E104R,104,E,R,B:104:GLU,E104R,1,0.0,20.565847396850586,12.146184921264648,0.0,0.2518129050731659,0.0,23.245882034301758
E104R,104,E,R,B:104:GLU,E104R,2,0.08946540206670761,19.66704559326172,11.2647123336792,0.0,0.292769193649292,0.0,22.517873764038086
E104M,104,E,M,B:104:GLU,E104M,0,0.0,21.090246200561523,13.620070457458496,0.0,0.27012044191360474,0.0,22.934534072875977
E104M,104,E,M,B:104:GLU,E104M,1,0.0,22.953569412231445,15.856409072875977,0.0,0.205399751663208,0.0,24.86072540283203
E104M,104,E,M,B:104:GLU,E104M,2,0.43078625202178955,10.981057167053223,5.163058757781982,0.43078625202178955,0.649869441986084,0.5649868249893188,12.72507095336914
E104S,104,E,S,B:104:GLU,E104S,0,0.34092453122138977,13.046095848083496,6.522596836090088,0.34092453122138977,0.5691315531730652,0.451981782913208,14.120635032653809
E104S,104,E,S,B:104:GLU,E104S,1,0.34541141986846924,12.984440803527832,6.094083309173584,0.34541141986846924,0.5749362707138062,0.4613267779350281,14.674479484558105
E104S,104,E,S,B:104:GLU,E104S,2,0.18389198184013367,15.304071426391602,8.489523887634277,0.18389198184013367,0.48847639560699463,0.38157936930656433,16.963531494140625
E104T,104,E,T,B:104:GLU,E104T,0,0.15329131484031677,18.09235191345215,10.785355567932129,0.0,0.3862307369709015,0.0,20.038002014160156
E104T,104,E,T,B:104:GLU,E104T,1,0.14649958908557892,18.61043357849121,11.19517993927002,0.0,0.3718976378440857,0.0,20.225969314575195
E104T,104,E,T,B:104:GLU,E104T,2,0.4409111440181732,10.94168472290039,4.828425884246826,0.4409111440181732,0.6287217140197754,0.5563392639160156,12.98023796081543
E104V,104,E,V,B:104:GLU,E104V,0,0.0,21.200639724731445,13.54994010925293,0.0,0.27546560764312744,0.0,22.621614456176758
E104V,104,E,V,B:104:GLU,E104V,1,0.0,21.31697654724121,13.788926124572754,0.0,0.2560759484767914,0.0,22.934642791748047
E104V,104,E,V,B:104:GLU,E104V,2,0.0,20.882225036621094,12.20669937133789,0.0,0.24772536754608154,0.0,24.100605010986328
R105F,105,R,F,B:105:ARG,R105F,0,0.1115327775478363,17.9757137298584,8.9651460647583,0.0,0.3364872932434082,0.0,20.77583122253418
R105F,105,R,F,B:105:ARG,R105F,1,0.0,21.508745193481445,13.12040901184082,0.0,0.24450165033340454,0.0,23.705427169799805
R105F,105,R,F,B:105:ARG,R105F,2,0.1412162333726883,16.818269729614258,8.247716903686523,0.0,0.3941473066806793,0.0,18.84695053100586
R105W,105,R,W,B:105:ARG,R105W,0,0.11410524696111679,18.185216903686523,9.449811935424805,0.0,0.342623233795166,0.0,20.725011825561523
R105W,105,R,W,B:105:ARG,R105W,1,0.0,21.57304573059082,12.291324615478516,0.0,0.18913504481315613,0.0,25.06873893737793
R105W,105,R,W,B:105:ARG,R105W,2,0.1364956498146057,17.695737838745117,9.466536521911621,0.0,0.40444281697273254,0.0,19.471139907836914
R105Y,105,R,Y,B:105:ARG,R105Y,0,0.1556626260280609,16.505382537841797,8.39685344696045,0.0,0.41792353987693787,0.0,19.101564407348633
R105Y,105,R,Y,B:105:ARG,R105Y,1,0.11522596329450607,19.25520896911621,10.992045402526855,0.0,0.3294598460197449,0.0,21.357011795043945
R105Y,105,R,Y,B:105:ARG,R105Y,2,0.45853233337402344,10.636344909667969,4.675079822540283,0.45853233337402344,0.6565886735916138,0.5776245594024658,12.207435607910156
R105M,105,R,M,B:105:ARG,R105M,0,0.4714413285255432,9.968337059020996,4.204742908477783,0.4714413285255432,0.6937258243560791,0.6058610677719116,11.645018577575684
R105M,105,R,M,B:105:ARG,R105M,1,0.06724445521831512,20.82337760925293,11.556735038757324,0.0,0.22646760940551758,0.0,24.446094512939453
R105M,105,R,M,B:105:ARG,R105M,2,0.3439781963825226,12.889089584350586,6.2110772132873535,0.3439781963825226,0.5788373351097107,0.462956041097641,14.925451278686523
R105S,105,R,S,B:105:ARG,R105S,0,0.14526548981666565,17.587242126464844,9.498915672302246,0.0,0.3831072449684143,0.0,19.41900062561035
R105S,105,R,S,B:105:ARG,R105S,1,0.15266039967536926,16.9512939453125,10.269689559936523,0.0,0.41625192761421204,0.0,19.309860229492188
R105S,105,R,S,B:105:ARG,R105S,2,0.47807833552360535,11.325119972229004,5.690979957580566,0.47807833552360535,0.6689687967300415,0.5747991800308228,13.033951759338379
R105T,105,R,T,B:105:ARG,R105T,0,0.09641240537166595,18.556880950927734,10.118891716003418,0.0,0.31476107239723206,0.0,21.355195999145508
R105T,105,R,T,B:105:ARG,R105T,1,0.0866672545671463,20.2726993560791,11.122136116027832,0.0,0.2553127706050873,0.0,22.903667449951172
R105T,105,R,T,B:105:ARG,R105T,2,0.10731945931911469,18.7346134185791,10.265713691711426,0.0,0.3362398147583008,0.0,20.58932876586914
R105V,105,R,V,B:105:ARG,R105V,0,0.201930433511734,14.633275985717773,7.987492084503174,0.201930433511734,0.5092258453369141,0.42084866762161255,16.03660011291504
R105V,105,R,V,B:105:ARG,R105V,1,0.45942389965057373,11.722163200378418,5.486721992492676,0.45942389965057373,0.6530916094779968,0.5354899168014526,12.06169319152832
R105V,105,R,V,B:105:ARG,R105V,2,0.0,20.826602935791016,12.1360502243042,0.0,0.24631856381893158,0.0,23.547996520996094
N106F,106,N,F,B:106:ASN,N106F,0,0.5790516138076782,8.147088050842285,2.852794885635376,0.5790516138076782,0.7699086666107178,0.6918084621429443,9.309345245361328
N106F,106,N,F,B:106:ASN,N106F,1,0.45868557691574097,10.317111015319824,4.782017230987549,0.45868557691574097,0.6574351787567139,0.5774479508399963,11.907849311828613
N106F,106,N,F,B:106:ASN,N106F,2,0.4876982569694519,10.113734245300293,4.068315505981445,0.4876982569694519,0.677175760269165,0.5913755893707275,11.646933555603027
N106W,106,N,W,B:106:ASN,N106W,0,0.49581724405288696,9.573060035705566,3.6055214405059814,0.49581724405288696,0.6988406777381897,0.6207470893859863,11.345500946044922
N106W,106,N,W,B:106:ASN,N106W,1,0.0,21.523815155029297,12.26148509979248,0.0,0.22455933690071106,0.0,24.611963272094727
N106W,106,N,W,B:106:ASN,N106W,2,0.48076462745666504,10.083847045898438,3.9622130393981934,0.48076462745666504,0.6769189834594727,0.5953683257102966,11.924219131469727
N106Y,106,N,Y,B:106:ASN,N106Y,0,0.5689873099327087,8.231057167053223,2.926680326461792,0.5689873099327087,0.7532960176467896,0.6908434629440308,9.80575180053711
N106Y,106,N,Y,B:106:ASN,N106Y,1,0.10062049329280853,19.760007858276367,9.49534797668457,0.0,0.2665688395500183,0.0,23.487869262695312
N106Y,106,N,Y,B:106:ASN,N106Y,2,0.614458441734314,6.873867511749268,2.0540332794189453,0.614458441734314,0.8323084115982056,0.7744287252426147,8.975929260253906
N106R,106,N,R,B:106:ASN,N106R,0,0.1004631370306015,20.56500244140625,11.926800727844238,0.0,0.27030572295188904,0.0,22.498886108398438
N106R,106,N,R,B:106:ASN,N106R,1,0.10487975180149078,19.595632553100586,11.234607696533203,0.0,0.31626030802726746,0.0,20.838930130004883
N106R,106,N,R,B:106:ASN,N106R,2,0.16760531067848206,18.419008255004883,10.374078750610352,0.0,0.369493305683136,0.0,19.447647094726562
N106M,106,N,M,B:106:ASN,N106M,0,0.226292222738266,14.336705207824707,7.1060967445373535,0.226292222738266,0.5124027132987976,0.3942687511444092,15.575196266174316
N106M,106,N,M,B:106:ASN,N106M,1,0.5207309722900391,9.371143341064453,3.672940492630005,0.5207309722900391,0.7344174981117249,0.6482679843902588,10.62195110321045
N106M,106,N,M,B:106:ASN,N106M,2,0.31514936685562134,13.181090354919434,5.969797611236572,0.31514936685562134,0.5644950866699219,0.46344029903411865,14.388375282287598
N106S,106,N,S,B:106:ASN,N106S,0,0.39851921796798706,12.057024002075195,5.80081844329834,0.39851921796798706,0.6071492433547974,0.5019354820251465,13.704861640930176
N106S,106,N,S,B:106:ASN,N106S,1,0.25287458300590515,14.17463493347168,7.242730140686035,0.25287458300590515,0.5274453163146973,0.4364839494228363,15.526265144348145
N106S,106,N,S,B:106:ASN,N106S,2,0.16308414936065674,16.623865127563477,8.998711585998535,0.0,0.41390538215637207,0.0,18.64014434814453
N106T,106,N,T,B:106:ASN,N106T,0,0.4934459924697876,9.841493606567383,4.392196178436279,0.4934459924697876,0.6976779103279114,0.603919267654419,10.765124320983887
N106T,106,N,T,B:106:ASN,N106T,1,0.19592395424842834,14.564424514770508,7.595839023590088,0.19592395424842834,0.5034126043319702,0.4078209400177002,16.46435546875
N106T,106,N,T,B:106:ASN,N106T,2,0.10349946469068527,19.808887481689453,11.214625358581543,0.0,0.29137617349624634,0.0,23.052051544189453
N106V,106,N,V,B:106:ASN,N106V,0,0.49796923995018005,9.252649307250977,3.779238700866699,0.49796923995018005,0.7174392938613892,0.6409575939178467,10.711899757385254
N106V,106,N,V,B:106:ASN,N106V,1,0.17151908576488495,14.960814476013184,7.5418901443481445,0.17151908576488495,0.47778579592704773,0.35863906145095825,16.37716293334961
N106V,106,N,V,B:106:ASN,N106V,2,0.4773728549480438,11.043033599853516,5.31719970703125,0.4773728549480438,0.6878548264503479,0.5875334739685059,12.396648406982422
Y107F,107,Y,F,B:107:TYR,Y107F,0,0.0,19.639577865600586,12.712982177734375,0.0,0.327336847782135,0.0,21.867130279541016
Y107F,107,Y,F,B:107:TYR,Y107F,1,0.15823638439178467,17.2002010345459,10.015594482421875,0.0,0.412256121635437,0.0,19.436298370361328
Y107F,107,Y,F,B:107:TYR,Y107F,2,0.11464127898216248,19.007091522216797,9.998445510864258,0.0,0.31411272287368774,0.0,21.318174362182617
Y107W,107,Y,W,B:107:TYR,Y107W,0,0.0,20.28546142578125,12.349316596984863,0.0,0.27859920263290405,0.0,22.4871768951416
Y107W,107,Y,W,B:107:TYR,Y107W,1,0.14599576592445374,16.588600158691406,9.057982444763184,0.14599576592445374,0.4209628403186798,0.18932902812957764,18.182205200195312
Y107W,107,Y,W,B:107:TYR,Y107W,2,0.0,22.51717185974121,14.535187721252441,0.0,0.19349515438079834,0.0,25.518518447875977
Y107R,107,Y,R,B:107:TYR,Y107R,0,0.0,21.400917053222656,13.080010414123535,0.0,0.24412545561790466,0.0,22.944252014160156
Y107R,107,Y,R,B:107:TYR,Y107R,1,0.0,21.73723793029785,12.966193199157715,0.0,0.2104734629392624,0.0,23.914480209350586
Y107R,107,Y,R,B:107:TYR,Y107R,2,0.0,22.13619613647461,13.12598705291748,0.0,0.22859208285808563,0.0,23.890953063964844
Y107M,107,Y,M,B:107:TYR,Y107M,0,0.08628329634666443,19.874494552612305,10.59450912475586,0.0,0.2686619162559509,0.0,22.9093074798584
Y107M,107,Y,M,B:107:TYR,Y107M,1,0.07477502524852753,19.72190284729004,11.050724029541016,0.0,0.28504616022109985,0.0,21.61321449279785
Y107M,107,Y,M,B:107:TYR,Y107M,2,0.10977454483509064,18.221431732177734,9.250786781311035,0.0,0.33213698863983154,0.0,21.246868133544922
Y107S,107,Y,S,B:107:TYR,Y107S,0,0.12402791529893875,17.975812911987305,9.906461715698242,0.0,0.3648203909397125,0.0,19.483299255371094
Y107S,107,Y,S,B:107:TYR,Y107S,1,0.0,19.332805633544922,12.36957836151123,0.0,0.32206130027770996,0.0,21.35749626159668
Y107S,107,Y,S,B:107:TYR,Y107S,2,0.17366951704025269,16.621421813964844,9.85508918762207,0.17366951704025269,0.46068036556243896,0.23345093429088593,18.102710723876953
Y107T,107,Y,T,B:107:TYR,Y107T,0,0.40170198678970337,12.365455627441406,5.560929298400879,0.40170198678970337,0.6133153438568115,0.4998229742050171,13.260217666625977
Y107T,107,Y,T,B:107:TYR,Y107T,1,0.36573439836502075,12.368938446044922,5.816798210144043,0.36573439836502075,0.591806173324585,0.4850863814353943,13.89653491973877
Y107T,107,Y,T,B:107:TYR,Y107T,2,0.16374042630195618,18.122997283935547,11.17379093170166,0.0,0.3762166500091553,0.0,20.052745819091797
Y107V,107,Y,V,B:107:TYR,Y107V,0,0.0,21.20196533203125,12.541854858398438,0.0,0.21981841325759888,0.0,24.083398818969727
Y107V,107,Y,V,B:107:TYR,Y107V,1,0.0,21.271089553833008,12.421880722045898,0.0,0.21596571803092957,0.0,24.168947219848633
Y107V,107,Y,V,B:107:TYR,Y107V,2,0.24826988577842712,14.00700855255127,6.802244663238525,0.24826988577842712,0.5275838375091553,0.4474213123321533,15.466962814331055
A108F,108,A,F,B:108:ALA,A108F,0,0.17715801298618317,14.574153900146484,7.2957940101623535,0.17715801298618317,0.5053635835647583,0.4316064715385437,16.212244033813477
A108F,108,A,F,B:108:ALA,A108F,1,0.16740328073501587,15.727474212646484,8.513899803161621,0.0,0.442768931388855,0.0,18.589094161987305
A108F,108,A,F,B:108:ALA,A108F,2,0.09506410360336304,19.363529205322266,9.95673942565918,0.0,0.2972637414932251,0.0,22.102882385253906
A108W,108,A,W,B:108:ALA,A108W,0,0.1865544319152832,14.914280891418457,6.810148239135742,0.1865544319152832,0.47439149022102356,0.41578537225723267,17.221242904663086
A108W,108,A,W,B:108:ALA,A108W,1,0.4284341335296631,11.108725547790527,4.8175859451293945,0.4284341335296631,0.6209513545036316,0.554651141166687,13.202166557312012
A108W,108,A,W,B:108:ALA,A108W,2,0.19034725427627563,13.98835563659668,6.228338241577148,0.19034725427627563,0.5032264590263367,0.4582875669002533,16.44322395324707
A108Y,108,A,Y,B:108:ALA,A108Y,0,0.558404803276062,8.615947723388672,3.493104934692383,0.558404803276062,0.7448292970657349,0.6869585514068604,9.895001411437988
A108Y,108,A,Y,B:108:ALA,A108Y,1,0.3738744258880615,12.025084495544434,5.929764747619629,0.3738744258880615,0.6030610203742981,0.5088082551956177,14.515668869018555
A108Y,108,A,Y,B:108:ALA,A108Y,2,0.4110462963581085,11.693194389343262,5.267899990081787,0.4110462963581085,0.6336381435394287,0.5340458154678345,13.12649154663086
A108R,108,A,R,B:108:ALA,A108R,0,0.16914615035057068,15.48343563079834,9.59555721282959,0.16914615035057068,0.47385138273239136,0.37795737385749817,17.629304885864258
A108R,108,A,R,B:108:ALA,A108R,1,0.28216463327407837,13.713998794555664,8.066228866577148,0.28216463327407837,0.5415129065513611,0.4442054033279419,15.566596984863281
A108R,108,A,R,B:108:ALA,A108R,2,0.18333761394023895,15.162638664245605,9.294057846069336,0.18333761394023895,0.48322516679763794,0.4484964609146118,17.181556701660156
A108M,108,A,M,B:108:ALA,A108M,0,0.42581862211227417,11.695239067077637,6.064918041229248,0.42581862211227417,0.6270929574966431,0.5170608758926392,14.022311210632324
A108M,108,A,M,B:108:ALA,A108M,1,0.39186763763427734,12.528632164001465,6.392353534698486,0.39186763763427734,0.6012187004089355,0.4629473388195038,14.470097541809082
A108M,108,A,M,B:108:ALA,A108M,2,0.07235527783632278,20.623937606811523,11.272576332092285,0.0,0.247941792011261,0.0,23.693912506103516
A108S,108,A,S,B:108:ALA,A108S,0,0.0,22.4310302734375,14.660101890563965,0.0,0.2018117606639862,0.0,25.065126419067383
A108S,108,A,S,B:108:ALA,A108S,1,0.15992075204849243,15.429937362670898,8.339142799377441,0.15992075204849243,0.4551162123680115,0.358236700296402,17.79509735107422
A108S,108,A,S,B:108:ALA,A108S,2,0.1339528113603592,17.853431701660156,9.854002952575684,0.0,0.370319664478302,0.0,20.39754867553711
A108T,108,A,T,B:108:ALA,A108T,0,0.499006450176239,9.594951629638672,4.35696268081665,0.499006450176239,0.7005597949028015,0.6270495653152466,10.930066108703613
A108T,108,A,T,B:108:ALA,A108T,1,0.10252024233341217,19.52379608154297,11.174579620361328,0.0,0.2985900640487671,0.0,22.207305908203125
A108T,108,A,T,B:108:ALA,A108T,2,0.20876967906951904,18.203901290893555,11.726889610290527,0.0,0.40997639298439026,0.0,19.319364547729492
A108V,108,A,V,B:108:ALA,A108V,0,0.10209451615810394,19.205013275146484,10.656953811645508,0.0,0.30025967955589294,0.0,21.81605339050293
A108V,108,A,V,B:108:ALA,A108V,1,0.0,21.937931060791016,14.806843757629395,0.0,0.21180760860443115,0.0,24.00473403930664
A108V,108,A,V,B:108:ALA,A108V,2,0.38982778787612915,12.124485969543457,5.687808990478516,0.38982778787612915,0.6039952039718628,0.4943258464336395,14.013310432434082
Y109F,109,Y,F,B:109:TYR,Y109F,0,0.13599655032157898,18.132375717163086,11.334243774414062,0.0,0.3680095076560974,0.0,20.03752899169922
Y109F,109,Y,F,B:109:TYR,Y109F,1,0.45493707060813904,11.364335060119629,5.964271068572998,0.45493707060813904,0.6615979075431824,0.5524425506591797,12.920820236206055
Y109F,109,Y,F,B:109:TYR,Y109F,2,0.3871366083621979,12.598701477050781,7.3159074783325195,0.3871366083621979,0.5932438373565674,0.48318982124328613,14.217981338500977
Y109W,109,Y,W,B:109:TYR,Y109W,0,0.0,20.76656723022461,13.507721900939941,0.0,0.252314031124115,0.0,22.916545867919922
Y109W,109,Y,W,B:109:TYR,Y109W,1,0.21040226519107819,14.63483715057373,8.451301574707031,0.21040226519107819,0.5168853402137756,0.4831654727458954,15.791704177856445
Y109W,109,Y,W,B:109:TYR,Y109W,2,0.20161813497543335,14.306207656860352,7.904706954956055,0.20161813497543335,0.5067440271377563,0.4741121232509613,16.34547233581543
Y109R,109,Y,R,B:109:TYR,Y109R,0,0.2900579571723938,13.694387435913086,6.563432693481445,0.2900579571723938,0.5337998270988464,0.41568124294281006,15.153949737548828
Y109R,109,Y,R,B:109:TYR,Y109R,1,0.5079158544540405,10.029006958007812,4.533287048339844,0.5079158544540405,0.6986725330352783,0.6264655590057373,11.261724472045898
Y109R,109,Y,R,B:109:TYR,Y109R,2,0.118398517370224,18.693069458007812,10.632686614990234,0.0,0.33624473214149475,0.0,20.744070053100586
Y109M,109,Y,M,B:109:TYR,Y109M,0,0.5024031400680542,9.969698905944824,4.330826282501221,0.5024031400680542,0.7019339799880981,0.616156816482544,11.028634071350098
Y109M,109,Y,M,B:109:TYR,Y109M,1,0.13832944631576538,17.79939079284668,10.1615571975708,0.0,0.3772920072078705,0.0,19.799728393554688
Y109M,109,Y,M,B:109:TYR,Y109M,2,0.4084761142730713,12.017603874206543,6.0037455558776855,0.4084761142730713,0.6159079074859619,0.5051360130310059,12.94672679901123
Y109S,109,Y,S,B:109:TYR,Y109S,0,0.15804843604564667,15.581134796142578,7.907382965087891,0.15804843604564667,0.45240920782089233,0.34946998953819275,17.109989166259766
Y109S,109,Y,S,B:109:TYR,Y109S,1,0.49930059909820557,10.05849838256836,3.699425458908081,0.49930059909820557,0.729079008102417,0.6377377510070801,10.530216217041016
Y109S,109,Y,S,B:109:TYR,Y109S,2,0.17163701355457306,15.5974702835083,7.952171802520752,0.17163701355457306,0.4591861963272095,0.3824945092201233,17.268918991088867
Y109T,109,Y,T,B:109:TYR,Y109T,0,0.16956570744514465,15.909265518188477,8.825935363769531,0.16956570744514465,0.4387997090816498,0.2677943706512451,18.021499633789062
Y109T,109,Y,T,B:109:TYR,Y109T,1,0.35108888149261475,13.583335876464844,8.016925811767578,0.35108888149261475,0.582444965839386,0.47257357835769653,15.181907653808594
Y109T,109,Y,T,B:109:TYR,Y109T,2,0.0,20.73758888244629,13.69014835357666,0.0,0.29136988520622253,0.0,22.672931671142578
Y109V,109,Y,V,B:109:TYR,Y109V,0,0.2749479413032532,13.413692474365234,6.83493709564209,0.2749479413032532,0.5298547744750977,0.431087851524353,15.063400268554688
Y109V,109,Y,V,B:109:TYR,Y109V,1,0.18156374990940094,15.325899124145508,8.204315185546875,0.18156374990940094,0.4604722261428833,0.3949207067489624,17.77212905883789
Y109V,109,Y,V,B:109:TYR,Y109V,2,0.07464008033275604,19.360748291015625,10.440125465393066,0.0,0.311813622713089,0.0,21.286529541015625
