position,author_residue,wt_aa,n_mutations_tested,n_acknowledged,mean_abs_delta_ipsae_min,max_abs_delta_ipsae_min,most_sensitive_mutation,most_sensitive_delta_ipsae,best_increase_mutation,best_delta_ipsae,worst_decrease_mutation,worst_delta_ipsae
97,B:97:ALA,A,8,5,0.31045115652183697,0.7338774085044861,A97F,-0.7338774085044861,A97S,0.002173674106597856,A97F,-0.7338774085044861
99,B:99:GLY,G,8,5,0.2242159386475881,0.6672943661610286,G99M,-0.6672943661610286,G99T,0.03959686756134029,G99M,-0.6672943661610286
108,B:108:ALA,A,8,8,0.3217485446482897,0.5991688748200735,A108F,-0.5991688748200735,A108R,-0.11842243671417241,A108F,-0.5991688748200735
100,B:100:GLY,G,8,3,0.09950367659330371,0.43453503449757896,G100V,-0.43453503449757896,G100R,-0.0037747701009115397,G100V,-0.43453503449757896
107,B:107:TYR,Y,7,4,0.09696811238924666,0.2084949990113577,Y107M,-0.2084949990113577,Y107S,-0.012529997030893969,Y107M,-0.2084949990113577
102,B:102:GLY,G,8,2,0.07537424912055336,0.20082494417826335,G102T,-0.20082494417826335,G102W,0.012626381715138746,G102T,-0.20082494417826335
109,B:109:TYR,Y,7,3,0.09288774217878072,0.18759714365005498,Y109T,-0.18759714365005498,Y109R,0.06534571647644039,Y109T,-0.18759714365005498
32,B:32:TYR,Y,7,3,0.07458487919398718,0.15706164439519255,Y32R,-0.15706164439519255,Y32M,0.050362360477447465,Y32R,-0.15706164439519255
106,B:106:ASN,N,8,2,0.04909885972738266,0.15195165872573857,N106V,-0.15195165872573857,N106S,0.04691526492436726,N106V,-0.15195165872573857
104,B:104:GLU,E,8,2,0.05448443839947385,0.13715599775314335,E104R,-0.13715599775314335,E104S,0.022516500949859575,E104R,-0.13715599775314335
101,B:101:TRP,W,7,1,0.04288551693870909,0.11424838304519658,W101V,-0.11424838304519658,W101F,0.02829246918360384,W101V,-0.11424838304519658
53,B:53:GLY,G,8,2,0.06548270384470628,0.09801839590072636,G53F,-0.09801839590072636,G53T,-0.03826315005620329,G53F,-0.09801839590072636
33,B:33:ASN,N,8,1,0.04749729683001838,0.0963269948959351,N33Y,-0.0963269948959351,N33R,0.047955783208211256,N33Y,-0.0963269948959351
103,B:103:LYS,K,8,2,0.06262081414461142,0.09312946399052946,K103S,-0.09312946399052946,K103T,-0.02766109307607023,K103S,-0.09312946399052946
52,B:52:THR,T,7,0,0.04167901901971722,0.07721262375513704,T52W,0.07721262375513704,T52W,0.07721262375513704,T52S,-0.05834049781163542
28,B:28:THR,T,7,0,0.036591680844624865,0.07597161134084074,T28W,-0.07597161134084074,T28R,0.028211367130279497,T28W,-0.07597161134084074
30,B:30:SER,S,7,0,0.05638129143487834,0.07505926688512166,S30T,0.07505926688512166,S30T,0.07505926688512166,S30W,0.03458822965621944
57,B:57:THR,T,7,0,0.025473038355509483,0.07242942651112882,T57V,-0.07242942651112882,T57F,0.004832716782887769,T57V,-0.07242942651112882
31,B:31:VAL,V,7,0,0.036324774083637004,0.06554362376530964,V31M,0.06554362376530964,V31M,0.06554362376530964,V31W,0.008354139328002885
29,B:29:SER,S,7,0,0.029588303111848364,0.06387946208318074,S29R,0.06387946208318074,S29R,0.06387946208318074,S29F,-0.03605201641718547
58,B:58:THR,T,7,0,0.025638140950884156,0.06362059911092122,T58Y,0.06362059911092122,T58Y,0.06362059911092122,T58F,-0.045293557643890425
105,B:105:ARG,R,7,0,0.027532210804167283,0.05772887468338017,R105S,-0.05772887468338017,R105V,-0.00107231537501018,R105S,-0.05772887468338017
54,B:54:ASN,N,8,0,0.030973353981971777,0.05530383984247844,N54S,-0.05530383984247844,N54M,0.05022538900375362,N54S,-0.05530383984247844
26,B:26:GLY,G,8,0,0.030943227807680745,0.05432857275009151,G26M,0.05432857275009151,G26M,0.05432857275009151,G26S,-0.022160319487253832
98,B:98:ALA,A,8,0,0.027643524607022588,0.05423618555068965,A98R,0.05423618555068965,A98R,0.05423618555068965,A98W,-0.04113680919011442
55,B:55:GLY,G,8,0,0.03449710557858153,0.05165420770645146,G55M,-0.05165420770645146,G55Y,0.006667804718017534,G55M,-0.05165420770645146
56,B:56:GLY,G,8,0,0.02234915941953658,0.04890838066736858,G56W,-0.04890838066736858,G56S,0.03556749423344929,G56W,-0.04890838066736858
27,B:27:ARG,R,7,0,0.023788565113430922,0.04572847684224446,R27F,0.04572847684224446,R27F,0.04572847684224446,R27S,-0.016848373413085982
51,B:51:ILE,I,8,0,0.02148665686448417,0.04286993741989131,I51F,0.04286993741989131,I51F,0.04286993741989131,I51W,-0.041450329621632975
